#key	термин_ru	термин_az	термин_en	термин_tr	канонический_регистр	где_применяется	примечание
01-6A0-neyroinkisaf.html	Расстройства нейроразвития	Neyroinkişaf pozuntuları	Neurodevelopmental disorders	Nörogelişimsel bozukluklar	строчными, кроме первого слова	заголовок раздела / пункт меню	
02-6A2-sizofreniya-spektri.html	Спектр шизофрении	Şizofreniya spektri	Schizophrenia spectrum	Şizofreni spektrumu	строчными, кроме первого слова	заголовок раздела / пункт меню	
03-6A4-katatoniya.html	Кататония	Katatoniya	Catatonia	Katatoni	строчными, кроме первого слова	заголовок раздела / пункт меню	
04-6A6-ehval-pozuntulari.html	Расстройства настроения	Əhval pozuntuları	Mood disorders	Duygudurum bozuklukları	строчными, кроме первого слова	заголовок раздела / пункт меню	
05-6B0-narahatliq.html	Тревожные расстройства	Təşviş pozuntuları	Anxiety disorders	Anksiyete bozuklukları	строчными, кроме первого слова	заголовок раздела / пункт меню	
06-6B2-okp.html	Обсессивно-компульсивные (ОКР)	Obsessiv-kompulsiv (OKP)	Obsessive-compulsive (OCD)	Obsesif-kompulsif (OKB)	строчными, кроме первого слова	заголовок раздела / пункт меню	
07-6B4-stress.html	Связанные со стрессом	Stress ilə əlaqəli	Stress-related	Stresle ilgili	строчными, кроме первого слова	заголовок раздела / пункт меню	
08-6B6-dissosiativ.html	Диссоциативные расстройства	Dissosiativ pozuntular	Dissociative disorders	Disosiyatif bozukluklar	строчными, кроме первого слова	заголовок раздела / пункт меню	
09-6B8-qida-qebulu.html	Расстройства пищевого поведения	Qida qəbulu pozuntuları	Feeding and eating disorders	Yiyecek alım bozuklukları	строчными, кроме первого слова	заголовок раздела / пункт меню	
10-6C0-ifrazat.html	Расстройства экскреции	İfrazat pozuntuları	Elimination disorders	Boşaltım bozuklukları	строчными, кроме первого слова	заголовок раздела / пункт меню	
11-6C2-bedensel-disstres.html	Телесный дистресс	Bədənsəl distres	Bodily distress	Bedensel distres	строчными, кроме первого слова	заголовок раздела / пункт меню	
12-6C4-madde-asililiq.html	Связанные с психоактивными веществами	Maddə ilə əlaqəli	Substance-related	Madde ile ilgili	строчными, кроме первого слова	заголовок раздела / пункт меню	
13-6C7-impuls-nezareti.html	Контроль импульсов	İmpuls nəzarəti	Impulse control	Dürtü kontrolü	строчными, кроме первого слова	заголовок раздела / пункт меню	
14-6C9-pozucu-davranis.html	Деструктивное поведение	Pozucu davranış	Disruptive behaviour	Bozucu davranış	строчными, кроме первого слова	заголовок раздела / пункт меню	
15-6D1-sexsiyyet.html	Расстройства личности	Şəxsiyyət pozuntuları	Personality disorders	Kişilik bozuklukları	строчными, кроме первого слова	заголовок раздела / пункт меню	
16-6D3-parafilik.html	Парафилические расстройства	Parafilik pozuntular	Paraphilic disorders	Parafilik bozukluklar	строчными, кроме первого слова	заголовок раздела / пункт меню	
17-6D5-faktitioz.html	Имитированные расстройства	Faktitioz pozuntular	Factitious disorders	Faktitiyöz bozukluklar	строчными, кроме первого слова	заголовок раздела / пункт меню	
18-6D7-neyrokoqnitiv.html	Нейрокогнитивные (деменция)	Neyrokoqnitiv (demensiya)	Neurocognitive (dementia)	Nörokognitif (demans)	строчными, кроме первого слова	заголовок раздела / пункт меню	
19-6E2-perinatal.html	Перинатальные расстройства	Perinatal pozuntular	Perinatal disorders	Perinatal bozukluklar	строчными, кроме первого слова	заголовок раздела / пункт меню	
20-6E4-psixosomatik.html	Психосоматические факторы	Psixosomatik faktorlar	Psychosomatic factors	Psikosomatik faktörler	строчными, кроме первого слова	заголовок раздела / пункт меню	
21-6E6-ikincili.html	Вторичная психиатрия	İkincili psixiatriya	Secondary psychiatry	İkincil psikiyatri	строчными, кроме первого слова	заголовок раздела / пункт меню	
22-7AB-yuxu.html	Расстройства сна	Yuxu pozuntuları	Sleep disorders	Uyku bozuklukları	строчными, кроме первого слова	заголовок раздела / пункт меню	
23-HA-cinsi-saglamliq.html	Сексуальное здоровье	Cinsi sağlamlıq	Sexual health	Cinsel sağlık	строчными, кроме первого слова	заголовок раздела / пункт меню	
6A00.html	Расстройства интеллектуального развития	İntellektual inkişaf pozuntusu	Disorders of intellectual development	Bilişsel gelişim bozuklukları	строчными, кроме первого слова	заголовок раздела / пункт меню	
6A01.html	Расстройства развития языка или речи	İnkişaf nitq və dil pozuntuları	Developmental speech or language disorders	Gelişimsel konuşma veya dil bozuklukları	строчными, кроме первого слова	заголовок раздела / пункт меню	
6A02.html	Расстройство аутистического спектра	Autizm spektri pozuntusu (ASP)	Autism spectrum disorder (ASD)	Otizm spektrum bozukluğu (OSB)	строчными, кроме первого слова	заголовок раздела / пункт меню	
6A03.html	Расстройство развития учебных навыков	İnkişaf öyrənmə pozuntusu	Developmental learning disorder	Gelişimsel öğrenme bozukluğu	строчными, кроме первого слова	заголовок раздела / пункт меню	
6A04.html	Расстройство развития координации движений (DCD)	İnkişaf hərəki koordinasiya pozuntusu (DCD)	Developmental motor coordination disorder (DCD)	Gelişimsel motor koordinasyon bozukluğu (DCD)	строчными, кроме первого слова	заголовок раздела / пункт меню	
6A05.html	Синдром дефицита внимания с гиперактивностью (СДВГ)	Diqqət defisiti və hiperaktivlik pozuntusu (DDHP)	Attention deficit hyperactivity disorder (ADHD)	Dikkat eksikliği hiperaktivite bozukluğu (DEHB)	строчными, кроме первого слова	заголовок раздела / пункт меню	
6A06.html	Синдром стереотипных движений	Stereotipik hərəkət pozuntusu	Stereotyped movement disorder	Basmakalıp hareket bozukluğu	строчными, кроме первого слова	заголовок раздела / пункт меню	
6A20.html	Шизофрения	Şizofreniya	Schizophrenia	Şizofreni	строчными, кроме первого слова	заголовок раздела / пункт меню	
6A21.html	Шизоаффективное расстройство	Şizoaffektiv pozuntu	Schizoaffective disorder	Şizoafektif bozukluk	строчными, кроме первого слова	заголовок раздела / пункт меню	
6A22.html	Шизотипическое расстройство	Şizotipik pozuntu	Schizotypal disorder	Şizotipal bozukluk	строчными, кроме первого слова	заголовок раздела / пункт меню	
6A23.html	Острое транзиторное психотическое расстройство	Kəskin və keçici psixotik pozuntu	Acute and transient psychotic disorder	Akut ve geçici psikotik bozukluk	строчными, кроме первого слова	заголовок раздела / пункт меню	
6A24.html	Бредовое расстройство	Sayıqlama pozuntusu	Delusional disorder	Sanrılı bozukluk	строчными, кроме первого слова	заголовок раздела / пункт меню	
6A25.html	Симптоматические проявления первично психотических расстройств	İlkin psixotik pozuntuların simptom domenləri	Symptomatic manifestations of primary psychotic disorders	Primer psikotik bozuklukların belirtisel görünümleri	строчными, кроме первого слова	заголовок раздела / пункт меню	
6A40.html	Кататония, связанная с другим психическим расстройством	Başqa bir psixi pozuntu ilə əlaqəli katatoniya	Catatonia associated with another mental disorder	Diğer bir ruhsal bozuklukla ilişkili katatoni	строчными, кроме первого слова	заголовок раздела / пункт меню	
6A60.html	Биполярное расстройство I типа	Bipolyar pozuntu tip I	Bipolar type I disorder	Bipolar bozukluk tip I	строчными, кроме первого слова	заголовок раздела / пункт меню	
6A61.html	Биполярное расстройство II типа	Bipolyar pozuntu tip II	Bipolar type II disorder	Bipolar bozukluk tip II	строчными, кроме первого слова	заголовок раздела / пункт меню	
6A62.html	Циклотимическое расстройство	Siklotimik pozuntu	Cyclothymic disorder	Siklotimik bozukluk	строчными, кроме первого слова	заголовок раздела / пункт меню	
6A70.html	Единичный эпизод депрессивного расстройства	Tək epizodlu depressiv pozuntu	Single episode depressive disorder	Tek dönem depresif bozukluk	строчными, кроме первого слова	заголовок раздела / пункт меню	
6A71.html	Рекуррентное депрессивное расстройство	Təkrarlanan depressiv pozuntu	Recurrent depressive disorder	Yineleyici depresif bozukluk	строчными, кроме первого слова	заголовок раздела / пункт меню	
6A72.html	Дистимическое расстройство	Distimik pozuntu	Dysthymic disorder	Distimik bozukluk	строчными, кроме первого слова	заголовок раздела / пункт меню	
6B00.html	Генерализованное тревожное расстройство (ГТР)	Generalizə olunmuş təşviş pozuntusu (GAD)	Generalised anxiety disorder (GAD)	Yaygın anksiyete bozukluğu (YAB)	строчными, кроме первого слова	заголовок раздела / пункт меню	
6B01.html	Паническое расстройство	Panik pozuntu	Panic disorder	Panik bozukluğu	строчными, кроме первого слова	заголовок раздела / пункт меню	
6B02.html	Агорафобия	Aqorafobiya	Agoraphobia	Agorafobi	строчными, кроме первого слова	заголовок раздела / пункт меню	
6B03.html	Специфическая фобия	Spesifik fobiya	Specific phobia	Özgül fobi	строчными, кроме первого слова	заголовок раздела / пункт меню	
6B04.html	Социальное тревожное расстройство	Sosial təşviş pozuntusu	Social anxiety disorder	Sosyal anksiyete bozukluğu	строчными, кроме первого слова	заголовок раздела / пункт меню	
6B05.html	Сепарационное тревожное расстройство	Ayrılma təşvişi pozuntusu	Separation anxiety disorder	Ayrılık anksiyetesi bozukluğu	строчными, кроме первого слова	заголовок раздела / пункт меню	
6B06.html	Селективный мутизм	Selektiv mutizm	Selective mutism	Seçici mutizm	строчными, кроме первого слова	заголовок раздела / пункт меню	
6B20.html	Обсессивно-компульсивное расстройство (ОКР)	Obsessiv-kompulsiv pozuntu (OKP)	Obsessive-compulsive disorder (OCD)	Obsesif-kompulsif bozukluk (OKB)	строчными, кроме первого слова	заголовок раздела / пункт меню	
6B21.html	Телесное дисморфическое расстройство (BDD)	Bədən dismorfik pozuntusu (BDD)	Body dysmorphic disorder (BDD)	Beden dismorfik bozukluğu (BDD)	строчными, кроме первого слова	заголовок раздела / пункт меню	
6B22.html	Патологическая озабоченность собственным запахом (ORS)	Bədənin qoxusu pozuntusu	Olfactory reference disorder (ORS)	Olfaktör referans bozukluğu (ORS)	строчными, кроме первого слова	заголовок раздела / пункт меню	
6B23.html	Ипохондрия	Hipoxondriya	Hypochondriasis	Hipokondriyazis	строчными, кроме первого слова	заголовок раздела / пункт меню	
6B24.html	Патологическое накопительство (хординг)	Yığma pozuntusu	Hoarding disorder	İstifleme bozukluğu	строчными, кроме первого слова	заголовок раздела / пункт меню	
6B25.html	Патологические телесно направленные стереотипии	Bədənə yönəlmiş təkrar davranışlar pozuntusu	Body-focused repetitive behaviour disorders	Bedene odaklı yineleyici davranış bozuklukları	строчными, кроме первого слова	заголовок раздела / пункт меню	
6B40.html	Посттравматическое стрессовое расстройство (ПТСР)	Posttravmatik stress pozuntusu (PTSP)	Post traumatic stress disorder (PTSD)	Travma sonrası stres bozukluğu (TSSB)	строчными, кроме первого слова	заголовок раздела / пункт меню	
6B41.html	Осложненное посттравматическое стрессовое расстройство (К-ПТСР)	Kompleks posttravmatik stress pozuntusu (KPTSP)	Complex post traumatic stress disorder (cPTSD)	Karmaşık travma sonrası stres bozukluğu (KTSSB)	строчными, кроме первого слова	заголовок раздела / пункт меню	
6B42.html	Затяжная патологическая реакция горя	Uzanmış yas pozuntusu	Prolonged grief disorder	Uzamış yas bozukluğu	строчными, кроме первого слова	заголовок раздела / пункт меню	
6B43.html	Расстройство адаптации	Uyğunlaşma pozuntusu	Adjustment disorder	Uyum bozukluğu	строчными, кроме первого слова	заголовок раздела / пункт меню	
6B44.html	Реактивное расстройство привязанности	Reaktiv bağlanma pozuntusu	Reactive attachment disorder	Tepkisel bağlanma bozukluğu	строчными, кроме первого слова	заголовок раздела / пункт меню	
6B45.html	Расстройство социализации по расторможенному типу	Sosial qatılma məhdudlaşması pozuntusu	Disinhibited social engagement disorder	Disinhibe sosyal katılım bozukluğu	строчными, кроме первого слова	заголовок раздела / пункт меню	
6B60.html	Диссоциативное расстройство с неврологическими симптомами	Dissosiativ nevroloji simptom pozuntusu	Dissociative neurological symptom disorder	Disosiyatif nörolojik belirti bozukluğu	строчными, кроме первого слова	заголовок раздела / пункт меню	
6B61.html	Диссоциативная амнезия	Dissosiativ amneziya	Dissociative amnesia	Disosiyatif amnezi	строчными, кроме первого слова	заголовок раздела / пункт меню	
6B64.html	Диссоциативное расстройство идентичности (ДРИ)	Dissosiativ identifikasiya pozuntusu (DİP)	Dissociative identity disorder (DID)	Disosiyatif kimlik bozukluğu (DKB)	строчными, кроме первого слова	заголовок раздела / пункт меню	
6B65.html	Частичное диссоциативное расстройство идентичности	Parsial dissosiativ identifikasiya pozuntusu	Partial dissociative identity disorder	Kısmi disosiyatif kimlik bozukluğu	строчными, кроме первого слова	заголовок раздела / пункт меню	
6B66.html	Синдром деперсонализации-дереализации	Depersonalizasiya-derealizasiya pozuntusu	Depersonalization-derealization disorder	Depersonalizasyon-derealizasyon bozukluğu	строчными, кроме первого слова	заголовок раздела / пункт меню	
6B80.html	Нервная анорексия	Sinir anoreksiyası	Anorexia nervosa	Anoreksiya nervoza	строчными, кроме первого слова	заголовок раздела / пункт меню	
6B81.html	Нервная булимия	Sinir bulimiyası	Bulimia nervosa	Bulimiya nervoza	строчными, кроме первого слова	заголовок раздела / пункт меню	
6B82.html	Патологическое переедание (BED)	Aşırı qidalanma pozuntusu	Binge eating disorder (BED)	Tıkınırcasına yeme bozukluğu (BED)	строчными, кроме первого слова	заголовок раздела / пункт меню	
6B83.html	Патологическое избирательно-ограничительное потребление пищи (ARFID)	Qaçınan-məhdudlaşdırıcı qida qəbulu pozuntusu	Avoidant-restrictive food intake disorder (ARFID)	Kaçıngan-kısıtlı gıda alım bozukluğu (ARFID)	строчными, кроме первого слова	заголовок раздела / пункт меню	
6B84.html	Пика	Pika	Pica	Pika	строчными, кроме первого слова	заголовок раздела / пункт меню	
6B85.html	Патологическое пережевывание и срыгивание	Ruminasiya-requrgitasiya pozuntusu	Rumination-regurgitation disorder	Geviş getirme bozukluğu	строчными, кроме первого слова	заголовок раздела / пункт меню	
6C00.html	Энурез	Enurez	Enuresis	Enürezis	строчными, кроме первого слова	заголовок раздела / пункт меню	
6C01.html	Энкопрез	Enkoprez	Encopresis	Enkoprezis	строчными, кроме первого слова	заголовок раздела / пункт меню	
6C20.html	Телесный дистресс	Bədən distresi pozuntusu	Bodily distress disorder	Bedensel endişe bozukluğu	строчными, кроме первого слова	заголовок раздела / пункт меню	
6C40.html	Расстройства вследствие употребления алкоголя	Alkoqol qəbulundan qaynaqlanan pozuntular	Disorders due to use of alcohol	Alkol kullanımı nedenli bozukluklar	строчными, кроме первого слова	заголовок раздела / пункт меню	
6C41.html	Расстройства вследствие употребления каннабиса	Kannabinoidlərin qəbulundan qaynaqlanan pozuntular	Disorders due to use of cannabis	Kannabis kullanımı nedenli bozukluklar	строчными, кроме первого слова	заголовок раздела / пункт меню	
6C43.html	Расстройства вследствие употребления опиоидов	Opioidlərin qəbulundan qaynaqlanan pozuntular	Disorders due to use of opioids	Opiyatların kullanımı nedenli bozukluklar	строчными, кроме первого слова	заголовок раздела / пункт меню	
6C44.html	Расстройства вследствие употребления седативных, снотворных или анксиолитических средств	Sakitləşdirici, hipnotik və ya anksiyolitiklərin qəbulundan qaynaqlanan pozuntular	Disorders due to use of sedatives, hypnotics or anxiolytics	Sedatif, hipnotik veya anksiyolitiklerin kullanımı nedenli bozukluklar	строчными, кроме первого слова	заголовок раздела / пункт меню	
6C45.html	Расстройства вследствие употребления кокаина	Kokain qəbulundan qaynaqlanan pozuntular	Disorders due to use of cocaine	Kokain kullanımı nedenli bozukluklar	строчными, кроме первого слова	заголовок раздела / пункт меню	
6C46.html	Расстройства вследствие употребления стимуляторов, включая амфетамины, метамфетамин или меткатинон	Amfetamin, metamfetamin və ya mekatinon da daxil olmaqla stimullaşdırıcı maddələrin qəbulundan qaynaqlanan pozuntular	Disorders due to use of stimulants including amphetamines, methamphetamine or methcathinone	Amfetaminler, metamfetamin veya metkatinonu içeren uyarıcıların kullanımı nedenli bozukluklar	строчными, кроме первого слова	заголовок раздела / пункт меню	
6C49.html	Расстройства вследствие употребления галлюциногенов	Halüsinogenlərin qəbulundan qaynaqlanan pozuntular	Disorders due to use of hallucinogens	Halüsinojenlerin kullanımı nedenli bozukluklar	строчными, кроме первого слова	заголовок раздела / пункт меню	
6C4A.html	Расстройства вследствие употребления никотина	Nikotin qəbulundan qaynaqlanan pozuntular	Disorders due to use of nicotine	Nikotin kullanımı nedenli bozukluklar	строчными, кроме первого слова	заголовок раздела / пункт меню	
6C50.html	Расстройство вследствие пристрастия к азартным играм	Qumar oynama pozuntusu	Gambling disorder	Kumar oynama bozukluğu	строчными, кроме первого слова	заголовок раздела / пункт меню	
6C51.html	Расстройство вследствие пристрастия к компьютерным играм	Oyun oynama pozuntusu	Gaming disorder	Oyun oynama bozukluğu	строчными, кроме первого слова	заголовок раздела / пункт меню	
6C70.html	Пиромания	Piromaniya	Pyromania	Piromani	строчными, кроме первого слова	заголовок раздела / пункт меню	
6C71.html	Клептомания	Kleptomaniya	Kleptomania	Kleptomani	строчными, кроме первого слова	заголовок раздела / пункт меню	
6C72.html	Компульсивное расстройство сексуального поведения	Kompulsiv cinsi davranış pozuntusu	Compulsive sexual behaviour disorder	Kompulsif cinsel davranış bozukluğu	строчными, кроме первого слова	заголовок раздела / пункт меню	
6C73.html	Периодическое эксплозивное расстройство (IED)	Epizodik eksplosiv pozuntu (İED)	Intermittent explosive disorder (IED)	Aralıklı patlayıcı bozukluk (İED)	строчными, кроме первого слова	заголовок раздела / пункт меню	
6C90.html	Оппозиционно-вызывающее расстройство (ОВР)	Müxalif-inadkar pozuntu (ODD)	Oppositional defiant disorder (ODD)	Karşıt olma-karşı gelme bozukluğu (ODD)	строчными, кроме первого слова	заголовок раздела / пункт меню	
6C91.html	Диссоциальное поведенческое расстройство	Davranış pozuntusu	Conduct-dissocial disorder	Toplum karşıtı davranım bozukluğu	строчными, кроме первого слова	заголовок раздела / пункт меню	
6D10.html	Расстройство личности	Şəxsiyyət pozuntusu	Personality disorder	Kişilik bozukluğu	строчными, кроме первого слова	заголовок раздела / пункт меню	
6D11.html	Выраженные личностные особенности или особые паттерны поведения	Qabarıq şəxsiyyət xüsusiyyətləri və ya reaksiyaları	Prominent personality traits or patterns	Belirgin kişilik özellikleri veya örüntüleri	строчными, кроме первого слова	заголовок раздела / пункт меню	
6D30.html	Патологический эксгибиционизм	Ekshibisionistik pozuntu	Exhibitionistic disorder	Teşhircilik bozukluğu	строчными, кроме первого слова	заголовок раздела / пункт меню	
6D31.html	Патологический вуайеризм	Voyeuristik pozuntu	Voyeuristic disorder	Gözetlemecilik bozukluğu	строчными, кроме первого слова	заголовок раздела / пункт меню	
6D32.html	Педофильное расстройство	Pedofilik pozuntu	Pedophilic disorder	Pedofilik bozukluk	строчными, кроме первого слова	заголовок раздела / пункт меню	
6D33.html	Патологический принудительный сексуальный садизм	Məcburi cinsi sadizm pozuntusu	Coercive sexual sadism disorder	Zora dayalı cinsel sadizm bozukluğu	строчными, кроме первого слова	заголовок раздела / пункт меню	
6D34.html	Патологический фроттеризм	Frotteristik pozuntu	Frotteuristic disorder	Sürtünmecilik bozukluğu	строчными, кроме первого слова	заголовок раздела / пункт меню	
6D50.html	Имитированное расстройство применительно к себе	Özünə tətbiq edilən faktitioz pozuntu	Factitious disorder imposed on self	Kendine yönelik faktitiyöz bozukluk	строчными, кроме первого слова	заголовок раздела / пункт меню	
6D51.html	Имитированное расстройство в отношении другого лица	Başqasına tətbiq edilən faktitioz pozuntu	Factitious disorder imposed on another	Başkasına yönelik faktitiyöz bozukluk	строчными, кроме первого слова	заголовок раздела / пункт меню	
6D70.html	Делирий	Delirium	Delirium	Deliryum	строчными, кроме первого слова	заголовок раздела / пункт меню	
6D71.html	Легкое нейрокогнитивное расстройство (MCI)	Yüngül neyrokoqnitiv pozuntu	Mild neurocognitive disorder (MCI)	Hafif nörobilişsel bozukluk (MCI)	строчными, кроме первого слова	заголовок раздела / пункт меню	
6D72.html	Амнестическое расстройство	Amnestik pozuntu	Amnestic disorder	Amnestik bozukluk	строчными, кроме первого слова	заголовок раздела / пункт меню	
6D80.html	Деменция вследствие болезни альцгеймера	Alzheimer xəstəliyi nəticəsində demensiya	Dementia due to alzheimer disease	Alzheimer hastalığı nedenli demans	строчными, кроме первого слова	заголовок раздела / пункт меню	
6D81.html	Деменция вследствие цереброваскулярного заболевания	Serebrovaskulyar xəstəlik nəticəsində demensiya	Dementia due to cerebrovascular disease	Serebrovasküler hastalık nedenli demans	строчными, кроме первого слова	заголовок раздела / пункт меню	
6D82.html	Деменция вследствие болезни с тельцами леви (DLB)	Levi cisimcikləri xəstəliyi nəticəsində demensiya	Dementia due to lewy body disease (DLB)	Lewy cisimciği hastalığı nedenli demans (DLB)	строчными, кроме первого слова	заголовок раздела / пункт меню	
6D83.html	Лобно-височная деменция (ЛВД)	Frontotemporal demensiya (FTD)	Frontotemporal dementia (FTD)	Frontotemporal demans (FTD)	строчными, кроме первого слова	заголовок раздела / пункт меню	
6E20.html	Психические и поведенческие расстройства, связанные с беременностью, родами или послеродовым периодом, без психотических симптомов	Hamiləlik, doğuş və ya zahılıq dövrü ilə əlaqəli psixi və ya davranış pozuntuları, psixotik simptomlarsız	Mental or behavioural disorders associated with pregnancy, childbirth or the puerperium, without psychotic symptoms	Gebelik, doğum veya lohusalık ile ilişkili ruhsal veya davranışsal bozukluklar, psikotik belirtisiz	строчными, кроме первого слова	заголовок раздела / пункт меню	
6E21.html	Психические или поведенческие расстройства связанные с беременностью, родами или послеродовым периодом, с психотическими симптомами	Hamiləlik, doğuş və ya zahılıq dövrü ilə əlaqəli psixi və ya davranış pozuntuları, psixotik simptomlarla	Mental or behavioural disorders associated with pregnancy, childbirth or the puerperium, with psychotic symptoms	Gebelik, doğum veya lohusalık ile ilişkili ruhsal ve davranışsal bozukluklar, psikotik belirtili	строчными, кроме первого слова	заголовок раздела / пункт меню	
6E40.html	Психологические и поведенческие факторы, влияющие на развитие расстройств или заболеваний, классифицированных в других разделах	Başqa yerdə təsnif edilən pozuntulara və ya xəstəliklərə təsir edən psixoloji və ya davranış amilləri	Psychological or behavioural factors affecting disorders or diseases classified elsewhere	Başka yerde sınıflandırılmış bozuklukları veya hastalıkları etkileyen psikolojik veya davranışsal etmenler	строчными, кроме первого слова	заголовок раздела / пункт меню	
6E61.html	Вторичный психотический синдром	İkinci dərəcəli psixotik sindrom	Secondary psychotic syndrome	Sekonder psikotik sendrom	строчными, кроме первого слова	заголовок раздела / пункт меню	
6E62.html	Вторичный аффективный синдром	İkinci dərəcəli əhval-ruhiyyə sindromu	Secondary mood syndrome	Sekonder duygudurum sendromu	строчными, кроме первого слова	заголовок раздела / пункт меню	
6E63.html	Вторичный тревожный синдром	İkinci dərəcəli təşviş sindromu	Secondary anxiety syndrome	Sekonder anksiyete sendromu	строчными, кроме первого слова	заголовок раздела / пункт меню	
7A00.html	Хроническая инсомния	Xroniki insomniya	Chronic insomnia	Kronik insomnia	строчными, кроме первого слова	заголовок раздела / пункт меню	
7A20.html	Нарколепсия	Narkolepsiya	Narcolepsy	Narkolepsi	строчными, кроме первого слова	заголовок раздела / пункт меню	
7A21.html	Гиперсомния	İdiopatik hipersomniya	Hypersomnia	Hipersomni	строчными, кроме первого слова	заголовок раздела / пункт меню	
7A41.html	Обструктивное апноэ во сне (OSA)	Obstruktiv yuxu apnoesi	Obstructive sleep apnoea (OSA)	Obstrüktif uyku apnesi (OSA)	строчными, кроме первого слова	заголовок раздела / пункт меню	
7A60.html	Расстройства циркадного ритма сна-бодрствования	Gecikmiş tipli yuxu-oyanıqlıq fazaların pozuntusu	Circadian rhythm sleep-wake disorders	Sirkadiyen ritm uyku-uyanıklık bozuklukları	строчными, кроме первого слова	заголовок раздела / пункт меню	
8A05.html	Первичные тики или тикозные расстройства	İlkin tiklər və ya tik pozuntuları	Primary tics or tic disorders	Primer tikler veya tik bozuklukları	строчными, кроме первого слова	заголовок раздела / пункт меню	
GA34.html	Предменструальное дисфорическое расстройство (ПМДР)	Premenstrual disforik pozuntu (PMDD)	Premenstrual dysphoric disorder (PMDD)	Premenstrüel disforik bozukluk (PMDD)	строчными, кроме первого слова	заголовок раздела / пункт меню	
HA00.html	Снижение сексуального желания (HSDD)	Hipoaktiv cinsi istək disfunksiyası	Hypoactive sexual desire dysfunction (HSDD)	Hipoaktif cinsel istek bozukluğu (HSDD)	строчными, кроме первого слова	заголовок раздела / пункт меню	
HA01.html	Эректильная дисфункция у мужчин (ED)	Kişi erektil disfunksiyası	Male erectile dysfunction (ED)	Erkek ereksiyon bozukluğu (ED)	строчными, кроме первого слова	заголовок раздела / пункт меню	
HA02.html	Аноргазмия	Anorqazmiya	Anorgasmia	Anorgazmi	строчными, кроме первого слова	заголовок раздела / пункт меню	
HA03.html	Преждевременная эякуляция у мужчин (PE)	Kişilərdə erkən eyakulyasiya	Male early ejaculation (PE)	Erkek erken ejekülasyonu (PE)	строчными, кроме первого слова	заголовок раздела / пункт меню	
HA20.html	Сексуальное расстройство болезненной пенетрации (вагинизм)	Ağrılı penetrasiya cinsəl pozuntusu	Sexual pain-penetration disorder (vaginismus)	Cinsel ağrı-penetrasyon bozukluğu (vaginismus)	строчными, кроме первого слова	заголовок раздела / пункт меню	
HA40.html	Этиологические соображения по поводу сексуальных дисфункций и сексуальных болевых расстройств.	Cinsi disfunksiyalarda və cinsi ağrı pozuntularında etioloji mülahizələr	Aetiological considerations in sexual dysfunctions and sexual pain disorders	Cinsel işlev bozuklukları ve cinsel ağrı bozukluklarında etiyolojik etmenler	строчными, кроме первого слова	заголовок раздела / пункт меню	
abbreviatur.html	Терминологический словарь	Terminoloji lüğət	Terminology glossary	Terminoloji sözlük	строчными, кроме первого слова	заголовок раздела / пункт меню	
elave-acde.html	Приложения	Əlavələr	Appendices	Ekler	строчными, кроме первого слова	заголовок раздела / пункт меню	
elave-skalalar.html	Приложение B	Əlavə B	Appendix B	Ek B	строчными, кроме первого слова	заголовок раздела / пункт меню	
kitab-haqqinda.html	О книге	Kitab haqqında	About the book	Kitap hakkında	строчными, кроме первого слова	заголовок раздела / пункт меню	
melumat.html	Информационный раздел	Məlumat bölməsi	Information section	Bilgi bölümü	строчными, кроме первого слова	заголовок раздела / пункт меню	
mugeddime.html	Предисловие	Müqəddimə	Preface	Giriş	строчными, кроме первого слова	заголовок раздела / пункт меню	
mundericat.html	Содержание	Mündəricat	Table of contents	İçindekiler	строчными, кроме первого слова	заголовок раздела / пункт меню	
terminoloji-luget.html	Терминологический словарь	Terminoloji lüğət	Terminology glossary	Terminoloji sözlük	строчными, кроме первого слова	заголовок раздела / пункт меню	
yekun.html	Итоговые рекомендации	Yekun tövsıyələr	Final recommendations	Son öneriler	строчными, кроме первого слова	заголовок раздела / пункт меню	
index.html	Клиническая психиатрия	Klinik Psixiatriya	Clinical Psychiatry	Klinik Psikiyatri	С прописной (имя собственное)	название книги: обложка, шапка, <title>, og, JSON-LD, подпись заказа	название книги — имя собственное: каждое слово с прописной (RU — первое слово), не капсом
ADHD	СДВГ	DDHP	ADHD	DEHB	ВСЕ ЗАГЛАВНЫЕ (аббревиатура)	скобка-расшифровка	аббревиатура: синдром дефицита внимания с гиперактивностью
OCD	ОКР	OKP	OCD	OKB	ВСЕ ЗАГЛАВНЫЕ (аббревиатура)	скобка-расшифровка	аббревиатура: обсессивно-компульсивное расстройство
FTD	ЛВД	FTD	FTD	FTD	ВСЕ ЗАГЛАВНЫЕ (аббревиатура)	скобка-расшифровка	аббревиатура: лобно-височная деменция
PTSD	ПТСР	PTSP	PTSD	TSSB	ВСЕ ЗАГЛАВНЫЕ (аббревиатура)	скобка-расшифровка	аббревиатура: посттравматическое стрессовое расстройство
cPTSD	КПТСР	KPTSP	cPTSD	KTSSB	ВСЕ ЗАГЛАВНЫЕ (аббревиатура)	скобка-расшифровка	аббревиатура: комплексное ПТСР
GAD	ГТР	GAD	GAD	YAB	ВСЕ ЗАГЛАВНЫЕ (аббревиатура)	скобка-расшифровка	аббревиатура: генерализованное тревожное расстройство
ASD	РАС	ASP	ASD	OSB	ВСЕ ЗАГЛАВНЫЕ (аббревиатура)	скобка-расшифровка	аббревиатура: расстройство аутистического спектра
BDD	BDD	BDD	BDD	BDD	ВСЕ ЗАГЛАВНЫЕ (аббревиатура)	скобка-расшифровка	аббревиатура: дисморфическое расстройство
DID	ДРИ	DİP	DID	DKB	ВСЕ ЗАГЛАВНЫЕ (аббревиатура)	скобка-расшифровка	аббревиатура: диссоциативное расстройство идентичности
ARFID	ARFID	ARFID	ARFID	ARFID	ВСЕ ЗАГЛАВНЫЕ (аббревиатура)	скобка-расшифровка	аббревиатура: избегающе-ограничительное расстройство приёма пищи
IED	IED	İED	IED	İED	ВСЕ ЗАГЛАВНЫЕ (аббревиатура)	скобка-расшифровка	аббревиатура: интермиттирующее эксплозивное расстройство
ODD	ОВР	ODD	ODD	ODD	ВСЕ ЗАГЛАВНЫЕ (аббревиатура)	скобка-расшифровка	аббревиатура: оппозиционно-вызывающее расстройство
MCI	MCI	MCI	MCI	MCI	ВСЕ ЗАГЛАВНЫЕ (аббревиатура)	скобка-расшифровка	аббревиатура: умеренное когнитивное нарушение
DLB	DLB	DLB	DLB	DLB	ВСЕ ЗАГЛАВНЫЕ (аббревиатура)	скобка-расшифровка	аббревиатура: деменция с тельцами Леви
OSA	OSA	OSA	OSA	OSA	ВСЕ ЗАГЛАВНЫЕ (аббревиатура)	скобка-расшифровка	аббревиатура: обструктивное апноэ сна
ED	ED	ED	ED	ED	ВСЕ ЗАГЛАВНЫЕ (аббревиатура)	скобка-расшифровка	аббревиатура: эректильная дисфункция
PE	PE	PE	PE	PE	ВСЕ ЗАГЛАВНЫЕ (аббревиатура)	скобка-расшифровка	аббревиатура: преждевременная эякуляция
HSDD	HSDD	HSDD	HSDD	HSDD	ВСЕ ЗАГЛАВНЫЕ (аббревиатура)	скобка-расшифровка	аббревиатура: снижение сексуального влечения
DCD	DCD	DCD	DCD	DCD	ВСЕ ЗАГЛАВНЫЕ (аббревиатура)	скобка-расшифровка	аббревиатура: расстройство развития координации
PMDD	ПМДР	PMDD	PMDD	PMDD	ВСЕ ЗАГЛАВНЫЕ (аббревиатура)	скобка-расшифровка	аббревиатура: предменструальное дисфорическое расстройство
ORS	ORS	ORS	ORS	ORS	ВСЕ ЗАГЛАВНЫЕ (аббревиатура)	скобка-расшифровка	аббревиатура: обонятельное расстройство
BED	BED	BED	BED	BED	ВСЕ ЗАГЛАВНЫЕ (аббревиатура)	скобка-расшифровка	аббревиатура: приступообразное переедание
ICD11	МКБ-11	XBT-11	ICD-11	ICD-11	как в оригинале (латиница в скобках)	код классификации	классификация МКБ-11 / XBT-11
ICD10	МКБ-10	XBT-10	ICD-10	ICD-10	как в оригинале (латиница в скобках)	код классификации	классификация МКБ-10 / XBT-10
DSM5	DSM-5-TR	DSM-5-TR	DSM-5-TR	DSM-5-TR	как в оригинале (латиница в скобках)	код классификации	классификация DSM-5-TR
	Q-tip	Q-tip	Q-tip	Q-tip	как в оригинале (латиница в скобках)	основной текст	шкала/инструмент — латиница по праву
