page	block	label	insetL_before	insetT_before	insetL_after	insetT_after	verdict
aile-terapiyasi-usaq.html	section#main-content.page-hero-x	AİLƏ TERAPİYASI	40	48	40	48	соответствует
aile-terapiyasi-usaq.html	section	FAYDALI OXU	650.3	88	650.3	88	соответствует
aile-terapiyasi-usaq.html	section	METODOLOGİYA	646.4	88	646.4	88	соответствует
aile-terapiyasi-usaq.html	section	NƏ İLƏ KÖMƏKLİK GÖSTƏRİLİR	590.8	88	590.8	88	соответствует
aile-terapiyasi-usaq.html	section	QİYMƏT	670.2	88	670.2	88	соответствует
aile-terapiyasi.html	section#main-content.page-hero-x	AİLƏ TERAPİYASI	40	48	40	48	соответствует
aile-terapiyasi.html	section#registration	QEYDİYYAT	658.3	88	658.3	88	соответствует
aile-terapiyasi.html	section	FAYDALI OXU	650.3	88	650.3	88	соответствует
aile-terapiyasi.html	section	KOMANDA	666.2	88	666.2	88	соответствует
aile-terapiyasi.html	section	METODOLOGİYA	646.4	88	646.4	88	соответствует
aile-terapiyasi.html	section	PROBLEMİN HƏLLİ	634.5	88	634.5	88	соответствует
aile-terapiyasi.html	section	QİYMƏT	670.2	88	670.2	88	соответствует
aile-terapiyasi.html	section	SUAL-CAVAB	654.3	88	654.3	88	соответствует
aile-terapiyasi.html	section	TƏLİM	674.2	88	674.2	88	соответствует
b2b.html	div.dir-card	HR	33	93	33	93	соответствует
b2b.html	div.dir-card	Liderlik	33	93	33	93	соответствует
b2b.html	div.dir-card	Satış	33	93	33	93	соответствует
b2b.html	section#main-content.page-hero-x	KORPORATİV	40	48	40	48	соответствует
b2b.html	section#order.sec-pad	Müraciət	662.3	88	662.3	88	соответствует
b2b.html	section.sec-pad	Niyə Biz	662.3	88	662.3	88	соответствует
b2b.html	section.sec-pad	İstiqamətlər	646.4	88	646.4	88	соответствует
blog-aile-2.html	section#main-content.page-hero-x	AİLƏ TERAPİYASI	40	48	40	48	соответствует
blog-aile-2.html	section	OXUYUN	670.2	88	670.2	88	соответствует
blog-aile-3.html	section#main-content.page-hero-x	AİLƏ TERAPİYASI	40	48	40	48	соответствует
blog-aile-3.html	section	OXUYUN	670.2	88	670.2	88	соответствует
blog-aile-4.html	section#main-content.page-hero-x	AİLƏ TERAPİYASI	40	48	40	48	соответствует
blog-aile-4.html	section	OXUYUN	670.2	88	670.2	88	соответствует
blog-aile-5.html	section#main-content.page-hero-x	AİLƏ TERAPİYASI	40	48	40	48	соответствует
blog-aile-5.html	section	OXUYUN	670.2	88	670.2	88	соответствует
blog-aile-usaq-2.html	section#main-content.page-hero-x	UŞAQ TERAPİYASI	40	48	40	48	соответствует
blog-aile-usaq-2.html	section	OXUYUN	670.2	88	670.2	88	соответствует
blog-aile-usaq-3.html	section#main-content.page-hero-x	UŞAQ TERAPİYASI	40	48	40	48	соответствует
blog-aile-usaq-3.html	section	OXUYUN	670.2	88	670.2	88	соответствует
blog-aile-usaq-4.html	section#main-content.page-hero-x	UŞAQ TERAPİYASI	40	48	40	48	соответствует
blog-aile-usaq-4.html	section	OXUYUN	670.2	88	670.2	88	соответствует
blog-aile-usaq-5.html	section#main-content.page-hero-x	UŞAQ TERAPİYASI	40	48	40	48	соответствует
blog-aile-usaq-5.html	section	OXUYUN	670.2	88	670.2	88	соответствует
blog-aile.html	section#main-content.page-hero-x	AİLƏ TERAPİYASI	40	48	40	48	соответствует
blog-aile.html	section	OXUYUN	670.2	88	670.2	88	соответствует
blog-depressiya-2.html	section#main-content.page-hero-x	KLİNİK	40	48	40	48	соответствует
blog-depressiya-2.html	section	OXUYUN	670.2	88	670.2	88	соответствует
blog-depressiya-3.html	section#main-content.page-hero-x	KLİNİK	40	48	40	48	соответствует
blog-depressiya-3.html	section	OXUYUN	670.2	88	670.2	88	соответствует
blog-depressiya-4.html	section#main-content.page-hero-x	KLİNİK	40	48	40	48	соответствует
blog-depressiya-4.html	section	OXUYUN	670.2	88	670.2	88	соответствует
blog-depressiya-5.html	section#main-content.page-hero-x	KLİNİK	40	48	40	48	соответствует
blog-depressiya-5.html	section	OXUYUN	670.2	88	670.2	88	соответствует
blog-depressiya-protokol.html	section#main-content.page-hero-x	PROTOKOL	40	48	40	48	соответствует
blog-depressiya-protokol.html	section	OXUYUN	670.2	88	670.2	88	соответствует
blog-depressiya.html	section#main-content.page-hero-x	KLİNİK	40	48	40	48	соответствует
blog-depressiya.html	section	OXUYUN	670.2	88	670.2	88	соответствует
blog-enurez-2.html	section#main-content.page-hero-x	UŞAQ SAĞLAMLIĞI	40	48	40	48	соответствует
blog-enurez-2.html	section	OXUYUN	670.2	88	670.2	88	соответствует
blog-enurez-3.html	section#main-content.page-hero-x	UŞAQ SAĞLAMLIĞI	40	48	40	48	соответствует
blog-enurez-3.html	section	OXUYUN	670.2	88	670.2	88	соответствует
blog-enurez-4.html	section#main-content.page-hero-x	UŞAQ SAĞLAMLIĞI	40	48	40	48	соответствует
blog-enurez-4.html	section	OXUYUN	670.2	88	670.2	88	соответствует
blog-enurez-5.html	section#main-content.page-hero-x	UŞAQ SAĞLAMLIĞI	40	48	40	48	соответствует
blog-enurez-5.html	section	OXUYUN	670.2	88	670.2	88	соответствует
blog-enurez-protokol.html	section#main-content.page-hero-x	PROTOKOL	40	48	40	48	соответствует
blog-enurez-protokol.html	section	OXUYUN	670.2	88	670.2	88	соответствует
blog-enurez.html	section#main-content.page-hero-x	UŞAQ SAĞLAMLIĞI	40	48	40	48	соответствует
blog-enurez.html	section	OXUYUN	670.2	88	670.2	88	соответствует
blog-klinik-psixiatriya.html	section#main-content.page-hero-x	KLİNİK PSİXİATRİYA	40	48	40	48	соответствует
blog-klinik-psixiatriya.html	section	OXUYUN	670.2	88	670.2	88	соответствует
blog-panik-2.html	section#main-content.page-hero-x	KLİNİK	40	48	40	48	соответствует
blog-panik-2.html	section	OXUYUN	670.2	88	670.2	88	соответствует
blog-panik-3.html	section#main-content.page-hero-x	KLİNİK	40	48	40	48	соответствует
blog-panik-3.html	section	OXUYUN	670.2	88	670.2	88	соответствует
blog-panik-4.html	section#main-content.page-hero-x	KLİNİK	40	48	40	48	соответствует
blog-panik-4.html	section	OXUYUN	670.2	88	670.2	88	соответствует
blog-panik-5.html	section#main-content.page-hero-x	KLİNİK	40	48	40	48	соответствует
blog-panik-5.html	section	OXUYUN	670.2	88	670.2	88	соответствует
blog-panik.html	section#main-content.page-hero-x	KLİNİK	40	48	40	48	соответствует
blog-panik.html	section	OXUYUN	670.2	88	670.2	88	соответствует
blog-psixolog-olmaq-2.html	section#main-content.page-hero-x	PSİXOLOQLAR ÜÇÜN	40	48	40	48	соответствует
blog-psixolog-olmaq-2.html	section	OXUYUN	670.2	88	670.2	88	соответствует
blog-psixolog-olmaq-3.html	section#main-content.page-hero-x	PSİXOLOQLAR ÜÇÜN	40	48	40	48	соответствует
blog-psixolog-olmaq-3.html	section	OXUYUN	670.2	88	670.2	88	соответствует
blog-psixolog-olmaq-4.html	section#main-content.page-hero-x	PSİXOLOQLAR ÜÇÜN	40	48	40	48	соответствует
blog-psixolog-olmaq-4.html	section	OXUYUN	670.2	88	670.2	88	соответствует
blog-psixolog-olmaq-5.html	section#main-content.page-hero-x	PSİXOLOQLAR ÜÇÜN	40	48	40	48	соответствует
blog-psixolog-olmaq-5.html	section	OXUYUN	670.2	88	670.2	88	соответствует
blog-psixolog-olmaq.html	section#main-content.page-hero-x	PSİXOLOQLAR ÜÇÜN	40	48	40	48	соответствует
blog-psixolog-olmaq.html	section	OXUYUN	670.2	88	670.2	88	соответствует
blog-sosial-fobiya-2.html	section#main-content.page-hero-x	KLİNİK	40	48	40	48	соответствует
blog-sosial-fobiya-2.html	section	OXUYUN	670.2	88	670.2	88	соответствует
blog-sosial-fobiya-3.html	section#main-content.page-hero-x	KLİNİK	40	48	40	48	соответствует
blog-sosial-fobiya-3.html	section	OXUYUN	670.2	88	670.2	88	соответствует
blog-sosial-fobiya-4.html	section#main-content.page-hero-x	KLİNİK	40	48	40	48	соответствует
blog-sosial-fobiya-4.html	section	OXUYUN	670.2	88	670.2	88	соответствует
blog-sosial-fobiya-5.html	section#main-content.page-hero-x	KLİNİK	40	48	40	48	соответствует
blog-sosial-fobiya-5.html	section	OXUYUN	670.2	88	670.2	88	соответствует
blog-sosial-fobiya.html	section#main-content.page-hero-x	KLİNİK	40	48	40	48	соответствует
blog-sosial-fobiya.html	section	OXUYUN	670.2	88	670.2	88	соответствует
blog-yeniyetme.html	section#main-content.page-hero-x	UŞAQ TERAPİYASI	40	48	40	48	соответствует
blog-yeniyetme.html	section	OXUYUN	670.2	88	670.2	88	соответствует
blog.html	a#blogFeatured.blog-featured	Ən Yeni Məqalə	574.4	41	574.4	41	соответствует
blog.html	section#main-content.page-hero-x	BLOQ	40	48	40	48	соответствует
depressiya.html	section#main-content.page-hero-x	DİAQNOZ	40	48	40	48	соответствует
depressiya.html	section	FAYDALI OXU	650.3	88	650.3	88	соответствует
depressiya.html	section	MÜALİCƏ PROSESİ	634.5	88	634.5	88	соответствует
depressiya.html	section	QİYMƏT	670.2	88	670.2	88	соответствует
depressiya.html	section	SİMPTOMLAR	654.3	88	654.3	88	соответствует
en/aile-terapiyasi-usaq.html	section#main-content.page-hero-x	CHILD THERAPY	40	48	40	48	соответствует
en/aile-terapiyasi-usaq.html	section	FURTHER READING	634.5	88	634.5	88	соответствует
en/aile-terapiyasi-usaq.html	section	METHODOLOGY	650.3	88	650.3	88	соответствует
en/aile-terapiyasi-usaq.html	section	PRESENTING CONCERNS	618.6	88	618.6	88	соответствует
en/aile-terapiyasi-usaq.html	section	PRICING	666.2	88	666.2	88	соответствует
en/aile-terapiyasi.html	section#main-content.page-hero-x	THERAPY	40	48	40	48	соответствует
en/aile-terapiyasi.html	section#registration	BOOKING	666.2	88	666.2	88	соответствует
en/aile-terapiyasi.html	section.ps.white	Lessons on YouTube	622.6	88	622.6	88	соответствует
en/aile-terapiyasi.html	section	FURTHER READING	634.5	88	634.5	88	соответствует
en/aile-terapiyasi.html	section	METHODOLOGY	650.3	88	650.3	88	соответствует
en/aile-terapiyasi.html	section	PRICING	666.2	88	666.2	88	соответствует
en/aile-terapiyasi.html	section	PROBLEM AREAS	642.4	88	642.4	88	соответствует
en/aile-terapiyasi.html	section	Q&amp;A	682.1	88	682.1	88	соответствует
en/aile-terapiyasi.html	section	TRAINING	662.3	88	662.3	88	соответствует
en/b2b.html	div.dir-card	HR	33	93	33	93	соответствует
en/b2b.html	div.dir-card	Leadership	33	93	33	93	соответствует
en/b2b.html	div.dir-card	Sales	33	93	33	93	соответствует
en/b2b.html	section#main-content.page-hero-x	CORPORATE	40	48	40	48	соответствует
en/b2b.html	section#order.sec-pad	Request	666.2	88	666.2	88	соответствует
en/b2b.html	section.sec-pad	Programmes	654.3	88	654.3	88	соответствует
en/b2b.html	section.sec-pad	Why us	670.2	88	670.2	88	соответствует
en/blog-aile-2.html	section#main-content.page-hero-x	FAMILY THERAPY	40	48	40	48	соответствует
en/blog-aile-2.html	section	READ ALSO	658.3	88	658.3	88	соответствует
en/blog-aile-3.html	section#main-content.page-hero-x	FAMILY THERAPY	40	48	40	48	соответствует
en/blog-aile-3.html	section	READ ALSO	658.3	88	658.3	88	соответствует
en/blog-aile-4.html	section#main-content.page-hero-x	FAMILY THERAPY	40	48	40	48	соответствует
en/blog-aile-4.html	section	READ ALSO	658.3	88	658.3	88	соответствует
en/blog-aile-5.html	section#main-content.page-hero-x	FAMILY THERAPY	40	48	40	48	соответствует
en/blog-aile-5.html	section	READ ALSO	658.3	88	658.3	88	соответствует
en/blog-aile-usaq-2.html	section#main-content.page-hero-x	CHILD THERAPY	40	48	40	48	соответствует
en/blog-aile-usaq-2.html	section	READ ALSO	658.3	88	658.3	88	соответствует
en/blog-aile-usaq-3.html	section#main-content.page-hero-x	CHILD THERAPY	40	48	40	48	соответствует
en/blog-aile-usaq-3.html	section	READ ALSO	658.3	88	658.3	88	соответствует
en/blog-aile-usaq-4.html	section#main-content.page-hero-x	CHILD THERAPY	40	48	40	48	соответствует
en/blog-aile-usaq-4.html	section	READ ALSO	658.3	88	658.3	88	соответствует
en/blog-aile-usaq-5.html	section#main-content.page-hero-x	CHILD THERAPY	40	48	40	48	соответствует
en/blog-aile-usaq-5.html	section	READ ALSO	658.3	88	658.3	88	соответствует
en/blog-aile.html	section#main-content.page-hero-x	FAMILY THERAPY	40	48	40	48	соответствует
en/blog-aile.html	section	READ ALSO	658.3	88	658.3	88	соответствует
en/blog-depressiya-2.html	section#main-content.page-hero-x	DEPRESSION	40	48	40	48	соответствует
en/blog-depressiya-2.html	section	READ ALSO	658.3	88	658.3	88	соответствует
en/blog-depressiya-3.html	section#main-content.page-hero-x	DEPRESSION	40	48	40	48	соответствует
en/blog-depressiya-3.html	section	READ ALSO	658.3	88	658.3	88	соответствует
en/blog-depressiya-4.html	section#main-content.page-hero-x	DEPRESSION	40	48	40	48	соответствует
en/blog-depressiya-4.html	section	READ ALSO	658.3	88	658.3	88	соответствует
en/blog-depressiya-5.html	section#main-content.page-hero-x	DEPRESSION	40	48	40	48	соответствует
en/blog-depressiya-5.html	section	READ ALSO	658.3	88	658.3	88	соответствует
en/blog-depressiya-protokol.html	section#main-content.page-hero-x	PROTOCOL	40	48	40	48	соответствует
en/blog-depressiya-protokol.html	section	READ ALSO	658.3	88	658.3	88	соответствует
en/blog-depressiya.html	section#main-content.page-hero-x	DEPRESSION	40	48	40	48	соответствует
en/blog-depressiya.html	section	READ ALSO	658.3	88	658.3	88	соответствует
en/blog-enurez-2.html	section#main-content.page-hero-x	CHILDREN'S HEALTH	40	48	40	48	соответствует
en/blog-enurez-2.html	section	READ ALSO	658.3	88	658.3	88	соответствует
en/blog-enurez-3.html	section#main-content.page-hero-x	CHILDREN'S HEALTH	40	48	40	48	соответствует
en/blog-enurez-3.html	section	READ ALSO	658.3	88	658.3	88	соответствует
en/blog-enurez-4.html	section#main-content.page-hero-x	CHILDREN'S HEALTH	40	48	40	48	соответствует
en/blog-enurez-4.html	section	READ ALSO	658.3	88	658.3	88	соответствует
en/blog-enurez-5.html	section#main-content.page-hero-x	CHILDREN'S HEALTH	40	48	40	48	соответствует
en/blog-enurez-5.html	section	READ ALSO	658.3	88	658.3	88	соответствует
en/blog-enurez-protokol.html	section#main-content.page-hero-x	CLINICAL PROTOCOL	40	48	40	48	соответствует
en/blog-enurez-protokol.html	section	READ ALSO	658.3	88	658.3	88	соответствует
en/blog-enurez.html	section#main-content.page-hero-x	CHILDREN'S HEALTH	40	48	40	48	соответствует
en/blog-enurez.html	section	READ ALSO	658.3	88	658.3	88	соответствует
en/blog-panik-2.html	section#main-content.page-hero-x	PANIC ATTACKS	40	48	40	48	соответствует
en/blog-panik-2.html	section	READ ALSO	658.3	88	658.3	88	соответствует
en/blog-panik-3.html	section#main-content.page-hero-x	PANIC ATTACKS	40	48	40	48	соответствует
en/blog-panik-3.html	section	READ ALSO	658.3	88	658.3	88	соответствует
en/blog-panik-4.html	section#main-content.page-hero-x	PANIC ATTACKS	40	48	40	48	соответствует
en/blog-panik-4.html	section	READ ALSO	658.3	88	658.3	88	соответствует
en/blog-panik-5.html	section#main-content.page-hero-x	PANIC ATTACKS	40	48	40	48	соответствует
en/blog-panik-5.html	section	READ ALSO	658.3	88	658.3	88	соответствует
en/blog-panik.html	section#main-content.page-hero-x	PANIC ATTACKS	40	48	40	48	соответствует
en/blog-panik.html	section	READ ALSO	658.3	88	658.3	88	соответствует
en/blog-psixolog-olmaq-2.html	section#main-content.page-hero-x	BECOMING A PSYCHOLOGIST	40	48	40	48	соответствует
en/blog-psixolog-olmaq-2.html	section	READ ALSO	658.3	88	658.3	88	соответствует
en/blog-psixolog-olmaq-3.html	section#main-content.page-hero-x	BECOMING A PSYCHOLOGIST	40	48	40	48	соответствует
en/blog-psixolog-olmaq-3.html	section	READ ALSO	658.3	88	658.3	88	соответствует
en/blog-psixolog-olmaq-4.html	section#main-content.page-hero-x	BECOMING A PSYCHOLOGIST	40	48	40	48	соответствует
en/blog-psixolog-olmaq-4.html	section	READ ALSO	658.3	88	658.3	88	соответствует
en/blog-psixolog-olmaq-5.html	section#main-content.page-hero-x	BECOMING A PSYCHOLOGIST	40	48	40	48	соответствует
en/blog-psixolog-olmaq-5.html	section	READ ALSO	658.3	88	658.3	88	соответствует
en/blog-psixolog-olmaq.html	section#main-content.page-hero-x	BECOMING A PSYCHOLOGIST	40	48	40	48	соответствует
en/blog-psixolog-olmaq.html	section	READ ALSO	658.3	88	658.3	88	соответствует
en/blog-sosial-fobiya-2.html	section#main-content.page-hero-x	SOCIAL PHOBIA	40	48	40	48	соответствует
en/blog-sosial-fobiya-2.html	section	READ ALSO	658.3	88	658.3	88	соответствует
en/blog-sosial-fobiya-3.html	section#main-content.page-hero-x	SOCIAL PHOBIA	40	48	40	48	соответствует
en/blog-sosial-fobiya-3.html	section	READ ALSO	658.3	88	658.3	88	соответствует
en/blog-sosial-fobiya-4.html	section#main-content.page-hero-x	SOCIAL PHOBIA	40	48	40	48	соответствует
en/blog-sosial-fobiya-4.html	section	READ ALSO	658.3	88	658.3	88	соответствует
en/blog-sosial-fobiya-5.html	section#main-content.page-hero-x	SOCIAL PHOBIA	40	48	40	48	соответствует
en/blog-sosial-fobiya-5.html	section	READ ALSO	658.3	88	658.3	88	соответствует
en/blog-sosial-fobiya.html	section#main-content.page-hero-x	SOCIAL PHOBIA	40	48	40	48	соответствует
en/blog-sosial-fobiya.html	section	READ ALSO	658.3	88	658.3	88	соответствует
en/blog-yeniyetme.html	section#main-content.page-hero-x	TEENAGERS	40	48	40	48	соответствует
en/blog-yeniyetme.html	section	READ ALSO	658.3	88	658.3	88	соответствует
en/blog.html	a#blogFeatured.blog-featured	Latest article	574.4	41	574.4	41	соответствует
en/blog.html	section#main-content.page-hero-x	BLOG	40	48	40	48	соответствует
en/depressiya.html	section#main-content.page-hero-x	CLINICAL THERAPY	40	48	40	48	соответствует
en/depressiya.html	section	FURTHER READING	634.5	88	634.5	88	соответствует
en/depressiya.html	section	PRICING	666.2	88	666.2	88	соответствует
en/depressiya.html	section	SYMPTOMS	662.3	88	662.3	88	соответствует
en/depressiya.html	section	TREATMENT PROCESS	626.5	88	626.5	88	соответствует
en/enurez.html	div.def-grid	Definition	37	37	37	37	соответствует
en/enurez.html	div.def-grid	ICD-10 F98.0	150.6	37	150.6	37	соответствует
en/enurez.html	div.def-grid	Mechanism	658.6	37	658.6	37	соответствует
en/enurez.html	div.ig-block	Instagram — Highlights	41	41	41	41	соответствует
en/enurez.html	div.ps-inner	Booking	1	1	33	33	исправлено
en/enurez.html	div.ps-inner	Diagnosis	1	1	33	33	исправлено
en/enurez.html	div.ps-inner	Differential Diagnosis	1	1	33	33	исправлено
en/enurez.html	div.ps-inner	FURTHER READING	1	1	33	33	исправлено
en/enurez.html	div.ps-inner	Lesson on YouTube	1	1	33	33	исправлено
en/enurez.html	div.ps-inner	Parent Reviews	1	1	33	33	исправлено
en/enurez.html	div.ps-inner	Pricing	1	1	33	33	исправлено
en/enurez.html	div.ps-inner	Treatment Protocol	1	1	33	33	исправлено
en/enurez.html	div.ps-inner	Warning	1	1	33	33	исправлено
en/enurez.html	div.ps-inner	Why Do They Trust Us?	1	1	33	33	исправлено
en/enurez.html	section#main-content.page-hero-x	CHILD PSYCHOLOGY ·	40	48	40	48	соответствует
en/enurez.html	section	FURTHER READING	634.5	88	634.5	88	соответствует
en/haqqimda.html	div.book-card-row	2026	339.8	87.6	339.8	87.6	соответствует
en/haqqimda.html	div.book-card-row	Clinical Protocols	195.5	87.6	195.5	87.6	соответствует
en/haqqimda.html	div.book-card-row	DSM-5	99	87.6	99	87.6	соответствует
en/haqqimda.html	div.book-card-row	ICD-11	143.4	87.6	143.4	87.6	соответствует
en/haqqimda.html	section#diplomas.sec-pad	Official Documents	622.6	88	622.6	88	соответствует
en/haqqimda.html	section#main-content.page-hero-x	ABOUT THE SPECIALIST	40	48	40	48	соответствует
en/haqqimda.html	section#timeline.sec-pad	Career &amp; Activities	85.4	88	85.4	88	соответствует
en/haqqimda.html	section#videos.sec-pad	Video Lessons	642.4	88	642.4	88	соответствует
en/index.html	a.card.featured	Training Centre	33	33	33	33	соответствует
en/index.html	a.card	Business &amp; HR	33	33	33	33	соответствует
en/index.html	a.card	Clinical Service	33	33	33	33	соответствует
en/index.html	div.book-card-row	2026	339.8	87.5	339.8	87.5	соответствует
en/index.html	div.book-card-row	Clinical Protocols	195.5	87.5	195.5	87.5	соответствует
en/index.html	div.book-card-row	DSM-5	99	87.5	99	87.5	соответствует
en/index.html	div.book-card-row	ICD-11	143.4	87.5	143.4	87.5	соответствует
en/index.html	section#main-content.page-hero	IPAS Ambassador	40	48	40	48	соответствует
en/index.html	section#services.sec-services	Clinical Service	630.5	88	630.5	88	соответствует
en/index.html	section.sec-2col	About the Specialist	614.6	88	614.6	88	соответствует
en/index.html	section.sec-3cards	Areas of Activity	626.5	88	626.5	88	соответствует
en/index.html	section.sec-blog-latest	BLOG	678.1	88	678.1	88	соответствует
en/panik-ataklar.html	section#main-content.page-hero-x	CLINICAL THERAPY	40	48	40	48	соответствует
en/panik-ataklar.html	section	FURTHER READING	634.5	88	634.5	88	соответствует
en/panik-ataklar.html	section	PRICING	666.2	88	666.2	88	соответствует
en/panik-ataklar.html	section	SYMPTOMS	662.3	88	662.3	88	соответствует
en/panik-ataklar.html	section	TREATMENT PROCESS	626.5	88	626.5	88	соответствует
en/program-klinik.html	div.tg-band	Graduate Reviews	85.4	86.4	85.4	86.4	соответствует
en/program-klinik.html	section#diplomas.sec-pad	Official Documents	622.6	88	622.6	88	соответствует
en/program-klinik.html	section#main-content.page-hero-x	CLINICAL PROGRAMME — CPD	40	48	40	48	соответствует
en/program-klinik.html	section#sec-curriculum	CURRICULUM	654.3	88	654.3	88	соответствует
en/program-klinik.html	section	ABOUT THE PROGRAMME	618.6	88	618.6	88	соответствует
en/program-klinik.html	section	ADMISSION REQUIREMENTS	606.7	88	606.7	88	соответствует
en/program-klinik.html	section	CAREER	670.2	88	670.2	88	соответствует
en/program-klinik.html	section	ENROLMENT	104.4	88	104.4	88	соответствует
en/program-klinik.html	section	PROGRAMME HIGHLIGHTS	614.6	88	614.6	88	соответствует
en/program-praktikum.html	div.tg-band	Practicum Group	85.4	102.5	85.4	102.5	соответствует
en/program-praktikum.html	section#certificates.sec-pad	Graduate Certificates	610.7	88	610.7	88	соответствует
en/program-praktikum.html	section#main-content.page-hero-x	PRACTICAL PROGRAMME	40	48	40	48	соответствует
en/program-praktikum.html	section#registration	ENROLMENT	658.3	88	658.3	88	соответствует
en/program-praktikum.html	section#sec-curriculum	SCHEDULE 2026	642.4	88	642.4	88	соответствует
en/program-praktikum.html	section	ABOUT THE PROGRAMME	618.6	88	618.6	88	соответствует
en/program-praktikum.html	section	ADMISSION REQUIREMENTS	606.7	88	606.7	88	соответствует
en/program-praktikum.html	section	CERTIFICATE &amp; ARCHIVE	610.7	88	610.7	88	соответствует
en/program-praktikum.html	section	PRACTICE FORMATS	630.5	88	630.5	88	соответствует
en/program-umumi.html	div.tg-band	Graduate Reviews	85.4	126.3	85.4	126.3	соответствует
en/program-umumi.html	section#diplomas.sec-pad	Official Documents	622.6	88	622.6	88	соответствует
en/program-umumi.html	section#main-content.page-hero-x	CPD DIPLOMA · 1,556 ACADEMIC HOURS	40	48	40	48	соответствует
en/program-umumi.html	section#registration	ENROLMENT	658.3	88	658.3	88	соответствует
en/program-umumi.html	section#sec-curriculum	CURRICULUM	104.4	88	104.4	88	соответствует
en/program-umumi.html	section	ABOUT THE PROGRAMME	104.4	88	104.4	88	соответствует
en/program-umumi.html	section	ADMISSION REQUIREMENTS	104.4	88	104.4	88	соответствует
en/program-umumi.html	section	CAREER	104.4	88	104.4	88	соответствует
en/program-umumi.html	section	ENROLMENT	104.4	88	104.4	88	соответствует
en/program-umumi.html	section	PROGRAMME HIGHLIGHTS	104.4	88	104.4	88	соответствует
en/qanunlar.html	section#main-content.page-hero-x	LEGAL DOCUMENTS	40	48	40	48	соответствует
en/qanunlar.html	section#registration	ENROL	674.2	88	674.2	88	соответствует
en/samira.html	section#main-content.page-hero-x	FAMILY THERAPY	40	48	40	48	соответствует
en/samira.html	section.sec-2col	About the specialist	614.6	88	614.6	88	соответствует
en/samira.html	section	CONSULTATION	646.4	88	646.4	88	соответствует
en/samira.html	section	TRAINING PROGRAMME	622.6	88	622.6	88	соответствует
en/samira.html	section	USEFUL READING	638.4	88	638.4	88	соответствует
en/sosial-fobiya.html	section#main-content.page-hero-x	CLINICAL THERAPY	40	48	40	48	соответствует
en/sosial-fobiya.html	section	FURTHER READING	634.5	88	634.5	88	соответствует
en/sosial-fobiya.html	section	PRICING	666.2	88	666.2	88	соответствует
en/sosial-fobiya.html	section	SYMPTOMS	662.3	88	662.3	88	соответствует
en/sosial-fobiya.html	section	TREATMENT PROCESS	626.5	88	626.5	88	соответствует
en/tehsil.html	section#diplomas.sec-pad	Official Documents	622.6	88	622.6	88	соответствует
en/tehsil.html	section#main-content.page-hero-x	EDUCATION	40	48	40	48	соответствует
en/tehsil.html	section#programs.sec-pad	Education Programmes	614.6	88	614.6	88	соответствует
en/tehsil.html	section#registration.sec-pad	Enrolment	658.3	88	658.3	88	соответствует
en/tehsil.html	section#reviews.sec-pad	Graduate Reviews	630.5	88	630.5	88	соответствует
en/tehsil.html	section#students.sec-pad	School Life	650.3	88	650.3	88	соответствует
en/tehsil.html	section.sec-pad	Quality of Education	614.6	88	614.6	88	соответствует
en/tehsil.html	section	FOR PSYCHOLOGISTS	626.5	88	626.5	88	соответствует
en/valideyn-mektebi.html	section#main-content.page-hero-x	PARENTS SCHOOL	40	48	40	48	соответствует
en/valideyn-mektebi.html	section	FORMAT	670.2	88	670.2	88	соответствует
en/valideyn-mektebi.html	section	MODULE 1	662.3	88	662.3	88	соответствует
en/valideyn-mektebi.html	section	MODULE 2	662.3	88	662.3	88	соответствует
en/valideyn-mektebi.html	section	MODULE 3	662.3	88	662.3	88	соответствует
en/valideyn-mektebi.html	section	THE LOGIC OF THE PROGRAMME	590.8	88	590.8	88	соответствует
en/xidmetler.html	div.ind-card	Starting Point	48	52	48	52	соответствует
en/xidmetler.html	div.xid-card	Anxiety	33	33	33	33	соответствует
en/xidmetler.html	div.xid-card	Child Behaviour	33	33	33	33	соответствует
en/xidmetler.html	div.xid-card	Children's Health	33	33	33	33	соответствует
en/xidmetler.html	div.xid-card	Mood	33	33	33	33	соответствует
en/xidmetler.html	div.xid-card	Relationships	33	33	33	33	соответствует
en/xidmetler.html	div.xid-card	Social Life	33	33	33	33	соответствует
en/xidmetler.html	section#main-content.page-hero-x	CLINICAL PSYCHOTHERAPY	40	48	40	48	соответствует
en/xidmetler.html	section#registration	Book a Consultation	618.6	88	618.6	88	соответствует
en/xidmetler.html	section.sec-pad	How It Works	646.4	88	646.4	88	соответствует
en/xidmetler.html	section	Clinical Psychotherapy	606.7	88	606.7	88	соответствует
enurez.html	div.def-grid	Mexanizm	658.6	37	658.6	37	соответствует
enurez.html	div.def-grid	Tərif	37	37	37	37	соответствует
enurez.html	div.def-grid	XBT-10 F98.0	110.9	37	110.9	37	соответствует
enurez.html	div.ig-block	Instagram — Aktuallar	41	41	41	41	соответствует
enurez.html	div.ps-inner	Diaqnoz	1	1	33	33	исправлено
enurez.html	div.ps-inner	Differensial Diaqnostika	1	1	33	33	исправлено
enurez.html	div.ps-inner	Faydalı Oxu	1	1	33	33	исправлено
enurez.html	div.ps-inner	Müalicə Protokolu	1	1	33	33	исправлено
enurez.html	div.ps-inner	Niyə Bizə Etibar Edirsiniz?	1	1	33	33	исправлено
enurez.html	div.ps-inner	Qeydiyyat	1	1	33	33	исправлено
enurez.html	div.ps-inner	Qiymətlər	1	1	33	33	исправлено
enurez.html	div.ps-inner	Valideyn Rəyləri	1	1	33	33	исправлено
enurez.html	div.ps-inner	Xəbərdarlıq	1	1	33	33	исправлено
enurez.html	div.ps-inner	YouTube Dərs	1	1	33	33	исправлено
enurez.html	section#main-content.page-hero-x	UŞAQ TERAPİYASI	40	48	40	48	соответствует
enurez.html	section	FAYDALI OXU	650.3	88	650.3	88	соответствует
haqqimda.html	div.book-card-row	2026	339.8	87.5	339.8	87.5	соответствует
haqqimda.html	div.book-card-row	DSM-5	99	87.5	99	87.5	соответствует
haqqimda.html	div.book-card-row	ICD-11	143.4	87.5	143.4	87.5	соответствует
haqqimda.html	div.book-card-row	Klinik Protokollar	195.5	87.5	195.5	87.5	соответствует
haqqimda.html	section#diplomas.sec-pad	Rəsmi Sənədlər	638.4	88	638.4	88	соответствует
haqqimda.html	section#main-content.page-hero-x	MÜTƏXƏSSİS HAQQINDA	40	48	40	48	соответствует
haqqimda.html	section#timeline.sec-pad	Karyera və&nbsp;Fəaliyyət	85.4	88	85.4	88	соответствует
haqqimda.html	section#videos.sec-pad	Video Dərslər	642.4	88	642.4	88	соответствует
index.html	a.card.featured	Tədris Mərkəzi	33	33	33	33	соответствует
index.html	a.card	Biznes və HR	33	33	33	33	соответствует
index.html	a.card	Klinik Xidmət	33	33	33	33	соответствует
index.html	div.book-card-row	2026	339.8	87.5	339.8	87.5	соответствует
index.html	div.book-card-row	DSM-5	99	87.5	99	87.5	соответствует
index.html	div.book-card-row	ICD-11	143.4	87.5	143.4	87.5	соответствует
index.html	div.book-card-row	Klinik Protokollar	195.5	87.5	195.5	87.5	соответствует
index.html	section#main-content.page-hero	IPAS Ambassador	40	48	40	48	соответствует
index.html	section#services.sec-services	Klinik Xidmət	642.4	88	642.4	88	соответствует
index.html	section.sec-2col	Mütəxəssis Haqqında	618.6	88	618.6	88	соответствует
index.html	section.sec-3cards	Fəaliyyət Sahələri	622.6	88	622.6	88	соответствует
index.html	section.sec-blog-latest	BLOQ	678.1	88	678.1	88	соответствует
panik-ataklar.html	section#main-content.page-hero-x	DİAQNOZ	40	48	40	48	соответствует
panik-ataklar.html	section	FAYDALI OXU	650.3	88	650.3	88	соответствует
panik-ataklar.html	section	MÜALİCƏ PROSESİ	634.5	88	634.5	88	соответствует
panik-ataklar.html	section	QİYMƏT	670.2	88	670.2	88	соответствует
panik-ataklar.html	section	SİMPTOMLAR	654.3	88	654.3	88	соответствует
program-klinik.html	div.tg-band	Mezunların Rəyləri	85.4	86.4	85.4	86.4	соответствует
program-klinik.html	section#diplomas.sec-pad	Rəsmi Sənədlər	638.4	88	638.4	88	соответствует
program-klinik.html	section#main-content.page-hero-x	PEŞƏ PROQRAMI	40	48	40	48	соответствует
program-klinik.html	section#sec-curriculum	TƏDRİS PLANI	646.4	88	646.4	88	соответствует
program-klinik.html	section	Karyera	666.2	88	666.2	88	соответствует
program-klinik.html	section	MÜRACİƏT ŞƏRTLƏRİ	626.5	88	626.5	88	соответствует
program-klinik.html	section	PROQRAM HAQQINDA	630.5	88	630.5	88	соответствует
program-klinik.html	section	PROQRAMIN ÜSTÜNLÜKLƏRİ	606.7	88	606.7	88	соответствует
program-klinik.html	section	QEYDİYYAT	104.4	88	104.4	88	соответствует
program-praktikum.html	div.tg-band	Praktikum Qrupu	85.4	102.5	85.4	102.5	соответствует
program-praktikum.html	section#certificates.sec-pad	Məzun Sertifikatları	614.6	88	614.6	88	соответствует
program-praktikum.html	section#main-content.page-hero-x	PRATİK PROQRAM	40	48	40	48	соответствует
program-praktikum.html	section#registration	QEYDİYYAT	658.3	88	658.3	88	соответствует
program-praktikum.html	section#sec-curriculum	2026 CƏDVƏLİ	646.4	88	646.4	88	соответствует
program-praktikum.html	section	MÜRACİƏT ŞƏRTLƏRİ	626.5	88	626.5	88	соответствует
program-praktikum.html	section	PRATİKA FORMATLARI	622.6	88	622.6	88	соответствует
program-praktikum.html	section	PROQRAM HAQQINDA	630.5	88	630.5	88	соответствует
program-praktikum.html	section	SERTİFİKAT VƏ ARXİV	618.6	88	618.6	88	соответствует
program-umumi.html	div.tg-band	Məzunların Rəyləri	85.4	114.4	85.4	114.4	соответствует
program-umumi.html	section#diplomas.sec-pad	Rəsmi Sənədlər	638.4	88	638.4	88	соответствует
program-umumi.html	section#main-content.page-hero-x	PEŞƏ PROQRAMI	40	48	40	48	соответствует
program-umumi.html	section#registration	QEYDİYYAT	658.3	88	658.3	88	соответствует
program-umumi.html	section#sec-curriculum	TƏDRİS PLANI	104.4	88	104.4	88	соответствует
program-umumi.html	section	KARYERA	104.4	88	104.4	88	соответствует
program-umumi.html	section	MÜRACİƏT ŞƏRTLƏRİ	104.4	88	104.4	88	соответствует
program-umumi.html	section	PROQRAM HAQQINDA	104.4	88	104.4	88	соответствует
program-umumi.html	section	PROQRAMIN ÜSTÜNLÜKLƏRİ	104.4	88	104.4	88	соответствует
program-umumi.html	section	QEYDİYYAT	104.4	88	104.4	88	соответствует
qanunlar.html	section#main-content.page-hero-x	HÜQUQİ MƏLUMAT	40	48	40	48	соответствует
qanunlar.html	section#registration	QEYDİYYAT	658.3	88	658.3	88	соответствует
ru/aile-terapiyasi-usaq.html	section#main-content.page-hero-x	ДЕТСКАЯ ТЕРАПИЯ	40	48	40	48	соответствует
ru/aile-terapiyasi-usaq.html	section	МЕТОДОЛОГИЯ	650.3	88	650.3	88	соответствует
ru/aile-terapiyasi-usaq.html	section	ПОЛЕЗНОЕ ЧТЕНИЕ	634.5	88	634.5	88	соответствует
ru/aile-terapiyasi-usaq.html	section	С ЧЕМ ОБРАЩАЮТСЯ	630.5	88	630.5	88	соответствует
ru/aile-terapiyasi-usaq.html	section	СТОИМОСТЬ	658.3	88	658.3	88	соответствует
ru/aile-terapiyasi.html	section#main-content.page-hero-x	ТЕРАПИЯ	40	48	40	48	соответствует
ru/aile-terapiyasi.html	section#registration	ЗАПИСЬ	670.2	88	670.2	88	соответствует
ru/aile-terapiyasi.html	section.ps.white	Уроки на YouTube	630.5	88	630.5	88	соответствует
ru/aile-terapiyasi.html	section	ВОПРОС-ОТВЕТ	646.4	88	646.4	88	соответствует
ru/aile-terapiyasi.html	section	МЕТОДОЛОГИЯ	650.3	88	650.3	88	соответствует
ru/aile-terapiyasi.html	section	ОБУЧЕНИЕ	662.3	88	662.3	88	соответствует
ru/aile-terapiyasi.html	section	ПОЛЕЗНОЕ ЧТЕНИЕ	634.5	88	634.5	88	соответствует
ru/aile-terapiyasi.html	section	РЕШЕНИЕ ПРОБЛЕМ	634.5	88	634.5	88	соответствует
ru/aile-terapiyasi.html	section	СТОИМОСТЬ	658.3	88	658.3	88	соответствует
ru/b2b.html	div.dir-card	HR	33	93	33	93	соответствует
ru/b2b.html	div.dir-card	Лидерство	33	93	33	93	соответствует
ru/b2b.html	div.dir-card	Продажи	33	93	33	93	соответствует
ru/b2b.html	section#main-content.page-hero-x	КОРПОРАТИВНОЕ	40	48	40	48	соответствует
ru/b2b.html	section#order.sec-pad	Заявка	670.2	88	670.2	88	соответствует
ru/b2b.html	section.sec-pad	Направления	650.3	88	650.3	88	соответствует
ru/b2b.html	section.sec-pad	Почему мы	658.3	88	658.3	88	соответствует
ru/blog-aile-2.html	section#main-content.page-hero-x	СЕМЕЙНАЯ ТЕРАПИЯ	40	48	40	48	соответствует
ru/blog-aile-2.html	section	ЧИТАЙТЕ ТАКЖЕ	642.4	88	642.4	88	соответствует
ru/blog-aile-3.html	section#main-content.page-hero-x	СЕМЕЙНАЯ ТЕРАПИЯ	40	48	40	48	соответствует
ru/blog-aile-3.html	section	ЧИТАЙТЕ ТАКЖЕ	642.4	88	642.4	88	соответствует
ru/blog-aile-4.html	section#main-content.page-hero-x	СЕМЕЙНАЯ ТЕРАПИЯ	40	48	40	48	соответствует
ru/blog-aile-4.html	section	ЧИТАЙТЕ ТАКЖЕ	642.4	88	642.4	88	соответствует
ru/blog-aile-5.html	section#main-content.page-hero-x	СЕМЕЙНАЯ ТЕРАПИЯ	40	48	40	48	соответствует
ru/blog-aile-5.html	section	ЧИТАЙТЕ ТАКЖЕ	642.4	88	642.4	88	соответствует
ru/blog-aile-usaq-2.html	section#main-content.page-hero-x	ДЕТСКАЯ ТЕРАПИЯ	40	48	40	48	соответствует
ru/blog-aile-usaq-2.html	section	ЧИТАЙТЕ ТАКЖЕ	642.4	88	642.4	88	соответствует
ru/blog-aile-usaq-3.html	section#main-content.page-hero-x	ДЕТСКАЯ ТЕРАПИЯ	40	48	40	48	соответствует
ru/blog-aile-usaq-3.html	section	ЧИТАЙТЕ ТАКЖЕ	642.4	88	642.4	88	соответствует
ru/blog-aile-usaq-4.html	section#main-content.page-hero-x	ДЕТСКАЯ ТЕРАПИЯ	40	48	40	48	соответствует
ru/blog-aile-usaq-4.html	section	ЧИТАЙТЕ ТАКЖЕ	642.4	88	642.4	88	соответствует
ru/blog-aile-usaq-5.html	section#main-content.page-hero-x	ДЕТСКАЯ ТЕРАПИЯ	40	48	40	48	соответствует
ru/blog-aile-usaq-5.html	section	ЧИТАЙТЕ ТАКЖЕ	642.4	88	642.4	88	соответствует
ru/blog-aile.html	section#main-content.page-hero-x	СЕМЕЙНАЯ ТЕРАПИЯ	40	48	40	48	соответствует
ru/blog-aile.html	section	ЧИТАЙТЕ ТАКЖЕ	642.4	88	642.4	88	соответствует
ru/blog-depressiya-2.html	section#main-content.page-hero-x	КЛИНИКА	40	48	40	48	соответствует
ru/blog-depressiya-2.html	section	ЧИТАЙТЕ ТАКЖЕ	642.4	88	642.4	88	соответствует
ru/blog-depressiya-3.html	section#main-content.page-hero-x	КЛИНИКА	40	48	40	48	соответствует
ru/blog-depressiya-3.html	section	ЧИТАЙТЕ ТАКЖЕ	642.4	88	642.4	88	соответствует
ru/blog-depressiya-4.html	section#main-content.page-hero-x	КЛИНИКА	40	48	40	48	соответствует
ru/blog-depressiya-4.html	section	ЧИТАЙТЕ ТАКЖЕ	642.4	88	642.4	88	соответствует
ru/blog-depressiya-5.html	section#main-content.page-hero-x	КЛИНИКА	40	48	40	48	соответствует
ru/blog-depressiya-5.html	section	ЧИТАЙТЕ ТАКЖЕ	642.4	88	642.4	88	соответствует
ru/blog-depressiya-protokol.html	section#main-content.page-hero-x	ПРОТОКОЛ	40	48	40	48	соответствует
ru/blog-depressiya-protokol.html	section	ЧИТАЙТЕ ТАКЖЕ	642.4	88	642.4	88	соответствует
ru/blog-depressiya.html	section#main-content.page-hero-x	КЛИНИКА	40	48	40	48	соответствует
ru/blog-depressiya.html	section	ЧИТАЙТЕ ТАКЖЕ	642.4	88	642.4	88	соответствует
ru/blog-enurez-2.html	section#main-content.page-hero-x	ЗДОРОВЬЕ ДЕТЕЙ	40	48	40	48	соответствует
ru/blog-enurez-2.html	section	ЧИТАЙТЕ ТАКЖЕ	642.4	88	642.4	88	соответствует
ru/blog-enurez-3.html	section#main-content.page-hero-x	ЗДОРОВЬЕ ДЕТЕЙ	40	48	40	48	соответствует
ru/blog-enurez-3.html	section	ЧИТАЙТЕ ТАКЖЕ	642.4	88	642.4	88	соответствует
ru/blog-enurez-4.html	section#main-content.page-hero-x	ЗДОРОВЬЕ ДЕТЕЙ	40	48	40	48	соответствует
ru/blog-enurez-4.html	section	ЧИТАЙТЕ ТАКЖЕ	642.4	88	642.4	88	соответствует
ru/blog-enurez-5.html	section#main-content.page-hero-x	ЗДОРОВЬЕ ДЕТЕЙ	40	48	40	48	соответствует
ru/blog-enurez-5.html	section	ЧИТАЙТЕ ТАКЖЕ	642.4	88	642.4	88	соответствует
ru/blog-enurez-protokol.html	section#main-content.page-hero-x	ПРОТОКОЛ	40	48	40	48	соответствует
ru/blog-enurez-protokol.html	section	ЧИТАЙТЕ ТАКЖЕ	642.4	88	642.4	88	соответствует
ru/blog-enurez.html	section#main-content.page-hero-x	ЗДОРОВЬЕ ДЕТЕЙ	40	48	40	48	соответствует
ru/blog-enurez.html	section	ЧИТАЙТЕ ТАКЖЕ	642.4	88	642.4	88	соответствует
ru/blog-panik-2.html	section#main-content.page-hero-x	КЛИНИКА	40	48	40	48	соответствует
ru/blog-panik-2.html	section	ЧИТАЙТЕ ТАКЖЕ	642.4	88	642.4	88	соответствует
ru/blog-panik-3.html	section#main-content.page-hero-x	КЛИНИКА	40	48	40	48	соответствует
ru/blog-panik-3.html	section	ЧИТАЙТЕ ТАКЖЕ	642.4	88	642.4	88	соответствует
ru/blog-panik-4.html	section#main-content.page-hero-x	КЛИНИКА	40	48	40	48	соответствует
ru/blog-panik-4.html	section	ЧИТАЙТЕ ТАКЖЕ	642.4	88	642.4	88	соответствует
ru/blog-panik-5.html	section#main-content.page-hero-x	КЛИНИКА	40	48	40	48	соответствует
ru/blog-panik-5.html	section	ЧИТАЙТЕ ТАКЖЕ	642.4	88	642.4	88	соответствует
ru/blog-panik.html	section#main-content.page-hero-x	КЛИНИКА	40	48	40	48	соответствует
ru/blog-panik.html	section	ЧИТАЙТЕ ТАКЖЕ	642.4	88	642.4	88	соответствует
ru/blog-psixolog-olmaq-2.html	section#main-content.page-hero-x	ПРОФЕССИЯ ПСИХОЛОГ	40	48	40	48	соответствует
ru/blog-psixolog-olmaq-2.html	section	ЧИТАЙТЕ ТАКЖЕ	642.4	88	642.4	88	соответствует
ru/blog-psixolog-olmaq-3.html	section#main-content.page-hero-x	ПРОФЕССИЯ ПСИХОЛОГ	40	48	40	48	соответствует
ru/blog-psixolog-olmaq-3.html	section	ЧИТАЙТЕ ТАКЖЕ	642.4	88	642.4	88	соответствует
ru/blog-psixolog-olmaq-4.html	section#main-content.page-hero-x	ПРОФЕССИЯ ПСИХОЛОГ	40	48	40	48	соответствует
ru/blog-psixolog-olmaq-4.html	section	ЧИТАЙТЕ ТАКЖЕ	642.4	88	642.4	88	соответствует
ru/blog-psixolog-olmaq-5.html	section#main-content.page-hero-x	ПРОФЕССИЯ ПСИХОЛОГ	40	48	40	48	соответствует
ru/blog-psixolog-olmaq-5.html	section	ЧИТАЙТЕ ТАКЖЕ	642.4	88	642.4	88	соответствует
ru/blog-psixolog-olmaq.html	section#main-content.page-hero-x	ПРОФЕССИЯ ПСИХОЛОГ	40	48	40	48	соответствует
ru/blog-psixolog-olmaq.html	section	ЧИТАЙТЕ ТАКЖЕ	642.4	88	642.4	88	соответствует
ru/blog-sosial-fobiya-2.html	section#main-content.page-hero-x	КЛИНИЧЕСКИЙ	40	48	40	48	соответствует
ru/blog-sosial-fobiya-2.html	section	ЧИТАЙТЕ ТАКЖЕ	642.4	88	642.4	88	соответствует
ru/blog-sosial-fobiya-3.html	section#main-content.page-hero-x	КЛИНИЧЕСКИЙ	40	48	40	48	соответствует
ru/blog-sosial-fobiya-3.html	section	ЧИТАЙТЕ ТАКЖЕ	642.4	88	642.4	88	соответствует
ru/blog-sosial-fobiya-4.html	section#main-content.page-hero-x	КЛИНИЧЕСКИЙ	40	48	40	48	соответствует
ru/blog-sosial-fobiya-4.html	section	ЧИТАЙТЕ ТАКЖЕ	642.4	88	642.4	88	соответствует
ru/blog-sosial-fobiya-5.html	section#main-content.page-hero-x	КЛИНИЧЕСКИЙ	40	48	40	48	соответствует
ru/blog-sosial-fobiya-5.html	section	ЧИТАЙТЕ ТАКЖЕ	642.4	88	642.4	88	соответствует
ru/blog-sosial-fobiya.html	section#main-content.page-hero-x	КЛИНИЧЕСКИЙ	40	48	40	48	соответствует
ru/blog-sosial-fobiya.html	section	ЧИТАЙТЕ ТАКЖЕ	642.4	88	642.4	88	соответствует
ru/blog-yeniyetme.html	section#main-content.page-hero-x	ПОДРОСТКИ	40	48	40	48	соответствует
ru/blog-yeniyetme.html	section	ЧИТАЙТЕ ТАКЖЕ	642.4	88	642.4	88	соответствует
ru/blog.html	a#blogFeatured.blog-featured	Самая новая статья	574.4	41	574.4	41	соответствует
ru/blog.html	section#main-content.page-hero-x	БЛОГ	40	48	40	48	соответствует
ru/depressiya.html	section#main-content.page-hero-x	КЛИНИЧЕСКАЯ ТЕРАПИЯ	40	48	40	48	соответствует
ru/depressiya.html	section	ПОЛЕЗНОЕ ЧТЕНИЕ	634.5	88	634.5	88	соответствует
ru/depressiya.html	section	ПРОЦЕСС ЛЕЧЕНИЯ	634.5	88	634.5	88	соответствует
ru/depressiya.html	section	СИМПТОМЫ	662.3	88	662.3	88	соответствует
ru/depressiya.html	section	СТОИМОСТЬ	658.3	88	658.3	88	соответствует
ru/enurez.html	div.def-grid	МКБ-10 F98.0	158.5	37	158.5	37	соответствует
ru/enurez.html	div.def-grid	Механизм	658.6	37	658.6	37	соответствует
ru/enurez.html	div.def-grid	Определение	37	37	37	37	соответствует
ru/enurez.html	div.ig-block	Instagram — Актуальное	41	41	41	41	соответствует
ru/enurez.html	div.ps-inner	Диагноз	1	1	33	33	исправлено
ru/enurez.html	div.ps-inner	Дифференциальная диагностика	1	1	33	33	исправлено
ru/enurez.html	div.ps-inner	Запись	1	1	33	33	исправлено
ru/enurez.html	div.ps-inner	Отзывы родителей	1	1	33	33	исправлено
ru/enurez.html	div.ps-inner	ПОЛЕЗНОЕ ЧТЕНИЕ	1	1	33	33	исправлено
ru/enurez.html	div.ps-inner	Почему вам доверяют?	1	1	33	33	исправлено
ru/enurez.html	div.ps-inner	Предупреждение	1	1	33	33	исправлено
ru/enurez.html	div.ps-inner	Протокол лечения	1	1	33	33	исправлено
ru/enurez.html	div.ps-inner	Стоимость	1	1	33	33	исправлено
ru/enurez.html	div.ps-inner	Урок на YouTube	1	1	33	33	исправлено
ru/enurez.html	section#main-content.page-hero-x	ДЕТСКАЯ ПСИХОЛОГИЯ ·	40	48	40	48	соответствует
ru/enurez.html	section	ПОЛЕЗНОЕ ЧТЕНИЕ	634.5	88	634.5	88	соответствует
ru/haqqimda.html	div.book-card-row	2026	362.8	108.5	362.8	108.5	соответствует
ru/haqqimda.html	div.book-card-row	DSM-5	99	108.5	99	108.5	соответствует
ru/haqqimda.html	div.book-card-row	Клинические протоколы	195.5	108.5	195.5	108.5	соответствует
ru/haqqimda.html	div.book-card-row	МКБ-11	143.4	108.5	143.4	108.5	соответствует
ru/haqqimda.html	section#diplomas.sec-pad	Официальные документы	610.7	88	610.7	88	соответствует
ru/haqqimda.html	section#main-content.page-hero-x	О СПЕЦИАЛИСТЕ	40	48	40	48	соответствует
ru/haqqimda.html	section#timeline.sec-pad	Карьера и деятельность	85.4	88	85.4	88	соответствует
ru/haqqimda.html	section#videos.sec-pad	Видеоуроки	654.3	88	654.3	88	соответствует
ru/index.html	a.card.featured	Учебный центр	33	33	33	33	соответствует
ru/index.html	a.card	Бизнес и HR	33	33	33	33	соответствует
ru/index.html	a.card	Клинический сервис	33	33	33	33	соответствует
ru/index.html	div.book-card-row	2026	362.8	108.6	362.8	108.6	соответствует
ru/index.html	div.book-card-row	DSM-5	99	108.6	99	108.6	соответствует
ru/index.html	div.book-card-row	Клинические протоколы	195.5	108.6	195.5	108.6	соответствует
ru/index.html	div.book-card-row	МКБ-11	143.4	108.6	143.4	108.6	соответствует
ru/index.html	section#main-content.page-hero	IPAS Ambassador	40	48	40	48	соответствует
ru/index.html	section#services.sec-services	Клинический сервис	622.6	88	622.6	88	соответствует
ru/index.html	section.sec-2col	О специалисте	642.4	88	642.4	88	соответствует
ru/index.html	section.sec-3cards	Направления деятельности	598.8	88	598.8	88	соответствует
ru/index.html	section.sec-blog-latest	БЛОГ	678.1	88	678.1	88	соответствует
ru/panik-ataklar.html	section#main-content.page-hero-x	КЛИНИЧЕСКАЯ ТЕРАПИЯ	40	48	40	48	соответствует
ru/panik-ataklar.html	section	ПОЛЕЗНОЕ ЧТЕНИЕ	634.5	88	634.5	88	соответствует
ru/panik-ataklar.html	section	ПРОЦЕСС ЛЕЧЕНИЯ	634.5	88	634.5	88	соответствует
ru/panik-ataklar.html	section	СИМПТОМЫ	662.3	88	662.3	88	соответствует
ru/panik-ataklar.html	section	СТОИМОСТЬ	658.3	88	658.3	88	соответствует
ru/program-klinik.html	div.tg-band	Отзывы выпускников	85.4	90.5	85.4	90.5	соответствует
ru/program-klinik.html	section#diplomas.sec-pad	Официальные документы	610.7	88	610.7	88	соответствует
ru/program-klinik.html	section#main-content.page-hero-x	КЛИНИЧЕСКАЯ ПРОГРАММА — ДПО	40	48	40	48	соответствует
ru/program-klinik.html	section#sec-curriculum	УЧЕБНЫЙ ПЛАН	646.4	88	646.4	88	соответствует
ru/program-klinik.html	section	ЗАПИСЬ	104.4	88	104.4	88	соответствует
ru/program-klinik.html	section	КАРЬЕРА	666.2	88	666.2	88	соответствует
ru/program-klinik.html	section	О ПРОГРАММЕ	650.3	88	650.3	88	соответствует
ru/program-klinik.html	section	ПРЕИМУЩЕСТВА ПРОГРАММЫ	606.7	88	606.7	88	соответствует
ru/program-klinik.html	section	УСЛОВИЯ ПОСТУПЛЕНИЯ	618.6	88	618.6	88	соответствует
ru/program-praktikum.html	div.tg-band	Группа практикума	85.4	90.6	85.4	90.6	соответствует
ru/program-praktikum.html	section#certificates.sec-pad	Сертификаты выпускников	602.7	88	602.7	88	соответствует
ru/program-praktikum.html	section#main-content.page-hero-x	ПРАКТИЧЕСКАЯ ПРОГРАММА	40	48	40	48	соответствует
ru/program-praktikum.html	section#registration	ЗАПИСЬ	670.2	88	670.2	88	соответствует
ru/program-praktikum.html	section#sec-curriculum	РАСПИСАНИЕ 2026	634.5	88	634.5	88	соответствует
ru/program-praktikum.html	section	О ПРОГРАММЕ	650.3	88	650.3	88	соответствует
ru/program-praktikum.html	section	СЕРТИФИКАТ И АРХИВ	622.6	88	622.6	88	соответствует
ru/program-praktikum.html	section	УСЛОВИЯ ПОСТУПЛЕНИЯ	618.6	88	618.6	88	соответствует
ru/program-praktikum.html	section	ФОРМАТЫ ПРАКТИКИ	630.5	88	630.5	88	соответствует
ru/program-umumi.html	div.tg-band	Отзывы выпускников	85.4	114.4	85.4	114.4	соответствует
ru/program-umumi.html	section#diplomas.sec-pad	Официальные документы	610.7	88	610.7	88	соответствует
ru/program-umumi.html	section#main-content.page-hero-x	ДИПЛОМ ДПО · 1 556 АКАДЕМИЧЕСКИХ ЧАСОВ	40	48	40	48	соответствует
ru/program-umumi.html	section#registration	ЗАПИСЬ	670.2	88	670.2	88	соответствует
ru/program-umumi.html	section#sec-curriculum	УЧЕБНЫЙ ПЛАН	104.4	88	104.4	88	соответствует
ru/program-umumi.html	section	ЗАПИСЬ	104.4	88	104.4	88	соответствует
ru/program-umumi.html	section	КАРЬЕРА	104.4	88	104.4	88	соответствует
ru/program-umumi.html	section	О ПРОГРАММЕ	104.4	88	104.4	88	соответствует
ru/program-umumi.html	section	ПРЕИМУЩЕСТВА ПРОГРАММЫ	104.4	88	104.4	88	соответствует
ru/program-umumi.html	section	УСЛОВИЯ ПОСТУПЛЕНИЯ	104.4	88	104.4	88	соответствует
ru/qanunlar.html	section#main-content.page-hero-x	ЮРИДИЧЕСКИЕ ДОКУМЕНТЫ	40	48	40	48	соответствует
ru/qanunlar.html	section#registration	ЗАПИСЬ	670.2	88	670.2	88	соответствует
ru/samira.html	section#main-content.page-hero-x	СЕМЕЙНАЯ ТЕРАПИЯ	40	48	40	48	соответствует
ru/samira.html	section.sec-2col	О специалисте	642.4	88	642.4	88	соответствует
ru/samira.html	section	КОНСУЛЬТАЦИЯ	646.4	88	646.4	88	соответствует
ru/samira.html	section	ПОЛЕЗНОЕ ЧТЕНИЕ	634.5	88	634.5	88	соответствует
ru/samira.html	section	ПРОГРАММА ОБУЧЕНИЯ	622.6	88	622.6	88	соответствует
ru/sosial-fobiya.html	section#main-content.page-hero-x	КЛИНИЧЕСКАЯ ТЕРАПИЯ	40	48	40	48	соответствует
ru/sosial-fobiya.html	section	ПОЛЕЗНОЕ ЧТЕНИЕ	634.5	88	634.5	88	соответствует
ru/sosial-fobiya.html	section	ПРОЦЕСС ЛЕЧЕНИЯ	634.5	88	634.5	88	соответствует
ru/sosial-fobiya.html	section	СИМПТОМЫ	662.3	88	662.3	88	соответствует
ru/sosial-fobiya.html	section	СТОИМОСТЬ	658.3	88	658.3	88	соответствует
ru/tehsil.html	section#diplomas.sec-pad	Официальные документы	610.7	88	610.7	88	соответствует
ru/tehsil.html	section#main-content.page-hero-x	ОБУЧЕНИЕ	40	48	40	48	соответствует
ru/tehsil.html	section#programs.sec-pad	Учебные программы	626.5	88	626.5	88	соответствует
ru/tehsil.html	section#registration.sec-pad	Запись	670.2	88	670.2	88	соответствует
ru/tehsil.html	section#reviews.sec-pad	Отзывы выпускников	622.6	88	622.6	88	соответствует
ru/tehsil.html	section#students.sec-pad	Из жизни школы	638.4	88	638.4	88	соответствует
ru/tehsil.html	section.sec-pad	Качество обучения	626.5	88	626.5	88	соответствует
ru/tehsil.html	section	ДЛЯ ПСИХОЛОГОВ	638.4	88	638.4	88	соответствует
ru/valideyn-mektebi.html	section#main-content.page-hero-x	ШКОЛА РОДИТЕЛЕЙ	40	48	40	48	соответствует
ru/valideyn-mektebi.html	section	ЛОГИКА ПРОГРАММЫ	630.5	88	630.5	88	соответствует
ru/valideyn-mektebi.html	section	МОДУЛЬ 1	662.3	88	662.3	88	соответствует
ru/valideyn-mektebi.html	section	МОДУЛЬ 2	662.3	88	662.3	88	соответствует
ru/valideyn-mektebi.html	section	МОДУЛЬ 3	662.3	88	662.3	88	соответствует
ru/valideyn-mektebi.html	section	ФОРМАТ	670.2	88	670.2	88	соответствует
ru/xidmetler.html	div.ind-card	Отправная точка	48	52	48	52	соответствует
ru/xidmetler.html	div.xid-card	Детское поведение	33	33	33	33	соответствует
ru/xidmetler.html	div.xid-card	Здоровье детей	33	33	33	33	соответствует
ru/xidmetler.html	div.xid-card	Настроение	33	33	33	33	соответствует
ru/xidmetler.html	div.xid-card	Отношения	33	33	33	33	соответствует
ru/xidmetler.html	div.xid-card	Социальная жизнь	33	33	33	33	соответствует
ru/xidmetler.html	div.xid-card	Тревожность	33	33	33	33	соответствует
ru/xidmetler.html	section#main-content.page-hero-x	КЛИНИЧЕСКАЯ ПСИХОТЕРАПИЯ	40	48	40	48	соответствует
ru/xidmetler.html	section#registration	Запись на консультацию	606.7	88	606.7	88	соответствует
ru/xidmetler.html	section.sec-pad	Как это работает	630.5	88	630.5	88	соответствует
ru/xidmetler.html	section	Клиническая психотерапия	598.8	88	598.8	88	соответствует
samira.html	section#main-content.page-hero-x	AİLƏ TERAPİYASI	40	48	40	48	соответствует
samira.html	section.sec-2col	Mütəxəssis Haqqında	618.6	88	618.6	88	соответствует
samira.html	section	FAYDALI OXU	650.3	88	650.3	88	соответствует
samira.html	section	KONSULTASİYA	646.4	88	646.4	88	соответствует
samira.html	section	TƏLİM PROQRAMI	638.4	88	638.4	88	соответствует
sosial-fobiya.html	section#main-content.page-hero-x	DİAQNOZ	40	48	40	48	соответствует
sosial-fobiya.html	section	FAYDALI OXU	650.3	88	650.3	88	соответствует
sosial-fobiya.html	section	MÜALİCƏ PROSESİ	634.5	88	634.5	88	соответствует
sosial-fobiya.html	section	QİYMƏT	670.2	88	670.2	88	соответствует
sosial-fobiya.html	section	SİMPTOMLAR	654.3	88	654.3	88	соответствует
tehsil.html	section#diplomas.sec-pad	Rəsmi Sənədlər	638.4	88	638.4	88	соответствует
tehsil.html	section#main-content.page-hero-x	ƏLAVƏ TƏHSİL	40	48	40	48	соответствует
tehsil.html	section#programs.sec-pad	Tədris Proqramları	622.6	88	622.6	88	соответствует
tehsil.html	section#registration.sec-pad	Qeydiyyat	658.3	88	658.3	88	соответствует
tehsil.html	section#reviews.sec-pad	Məzun Rəyləri	642.4	88	642.4	88	соответствует
tehsil.html	section#students.sec-pad	Məktəbimizdən Anlar	618.6	88	618.6	88	соответствует
tehsil.html	section.sec-pad	Tədris Keyfiyyəti	626.5	88	626.5	88	соответствует
tehsil.html	section	PSİXOLOQLAR ÜÇÜN	630.5	88	630.5	88	соответствует
valideyn-mektebi.html	section#main-content.page-hero-x	VALİDEYN MƏKTƏBİ	40	48	40	48	соответствует
valideyn-mektebi.html	section	FORMAT	670.2	88	670.2	88	соответствует
valideyn-mektebi.html	section	MODUL 1	666.2	88	666.2	88	соответствует
valideyn-mektebi.html	section	MODUL 2	666.2	88	666.2	88	соответствует
valideyn-mektebi.html	section	MODUL 3	666.2	88	666.2	88	соответствует
valideyn-mektebi.html	section	PROQRAMIN MƏNTİQİ	626.5	88	626.5	88	соответствует
xidmetler.html	div.ind-card	Başlanğıc nöqtəsi	48	52	48	52	соответствует
xidmetler.html	div.xid-card	Münasibətlər	33	33	33	33	соответствует
xidmetler.html	div.xid-card	Narahatlıq	33	33	33	33	соответствует
xidmetler.html	div.xid-card	Sosial Həyat	33	33	33	33	соответствует
xidmetler.html	div.xid-card	Uşaq Davranışı	33	33	33	33	соответствует
xidmetler.html	div.xid-card	Uşaq Sağlamlığı	33	33	33	33	соответствует
xidmetler.html	div.xid-card	Əhval-Ruhiyyə	33	33	33	33	соответствует
xidmetler.html	section#main-content.page-hero-x	XİDMƏTLƏR	40	48	40	48	соответствует
xidmetler.html	section#registration	Konsultasiya Qeydiyyatı	602.7	88	602.7	88	соответствует
xidmetler.html	section.sec-pad	Necə İşləyir	646.4	88	646.4	88	соответствует
xidmetler.html	section	Klinik Psixoterapiya	614.6	88	614.6	88	соответствует
