page	strip	overlap_before	overlap_after	gap_before	gap_after	verdict
en/enurez.html	div.en-stats	80	0	-80	0	исправлено (наложение 80 → 0)
en/index.html	div.stats-strip	0	0	0	0	не требовалось (наложения не было)
en/program-klinik.html	div.stats-strip	0	0	0	0	не требовалось (наложения не было)
en/program-praktikum.html	div.stats-strip	0	0	0	0	не требовалось (наложения не было)
en/program-umumi.html	div.stats-strip	0	0	0	0	не требовалось (наложения не было)
en/samira.html	div.stats-strip	0	0	0	0	не требовалось (наложения не было)
en/tehsil.html	div.stats-strip	0	0	0	0	не требовалось (наложения не было)
en/xidmetler.html	div.stats-strip	0	0	0	0	не требовалось (наложения не было)
enurez.html	div.en-stats	80	0	-80	0	исправлено (наложение 80 → 0)
index.html	div.stats-strip	0	0	0	0	не требовалось (наложения не было)
program-klinik.html	div.stats-strip	0	0	0	0	не требовалось (наложения не было)
program-praktikum.html	div.stats-strip	0	0	0	0	не требовалось (наложения не было)
program-umumi.html	div.stats-strip	0	0	0	0	не требовалось (наложения не было)
ru/enurez.html	div.en-stats	80	0	-80	0	исправлено (наложение 80 → 0)
ru/index.html	div.stats-strip	0	0	0	0	не требовалось (наложения не было)
ru/program-klinik.html	div.stats-strip	0	0	0	0	не требовалось (наложения не было)
ru/program-praktikum.html	div.stats-strip	0	0	0	0	не требовалось (наложения не было)
ru/program-umumi.html	div.stats-strip	0	0	0	0	не требовалось (наложения не было)
ru/samira.html	div.stats-strip	0	0	0	0	не требовалось (наложения не было)
ru/tehsil.html	div.stats-strip	0	0	0	0	не требовалось (наложения не было)
ru/xidmetler.html	div.stats-strip	0	0	0	0	не требовалось (наложения не было)
samira.html	div.stats-strip	0	0	0	0	не требовалось (наложения не было)
tehsil.html	div.stats-strip	0	0	0	0	не требовалось (наложения не было)
xidmetler.html	div.stats-strip	0	0	0	0	не требовалось (наложения не было)
