width	page	block	lead_before	lead_after	table	ratio_before	ratio_after	verdict_before	verdict_after
1440	aile-terapiyasi-usaq.html	Uşaqda hansı siqnallar görünürsə?	p.sec-sub / center	p.sec-sub / center	-			ок	ок
1440	aile-terapiyasi-usaq.html	Müalicə prosesi necə qurulur?	p.sec-sub / center	p.sec-sub / center	-			ок	ок
1440	aile-terapiyasi-usaq.html	Konsultasiya Qiymətləri	p.sec-sub / center	p.sec-sub / center	div.pricing-tbl	100	100	ок	ок
1440	aile-terapiyasi-usaq.html	Uşaq və Yeniyetmə Haqqında Məqalələr	p.sec-sub / center	p.sec-sub / center	-			ок	ок
1440	aile-terapiyasi.html	Bu terapiya kimə lazımdır?	p.sec-sub / center	p.sec-sub / center	-			ок	ок
1440	aile-terapiyasi.html	İki mütəxəssis — bir ailə sistemi	p.sec-sub / center	p.sec-sub / center	-			ок	ок
1440	aile-terapiyasi.html	Peşəkarlar üçün təlim proqramı	p.sec-sub / center	p.sec-sub / center	-			ок	ок
1440	aile-terapiyasi.html	Terapiya necə qurulur?	p.sec-sub / center	p.sec-sub / center	-			ок	ок
1440	aile-terapiyasi.html	Konsultasiya Qiymətləri	p.sec-sub / center	p.sec-sub / center	div.pricing-tbl	100	100	ок	ок
1440	aile-terapiyasi.html	Ailə Terapiyası Məqalələri	p.sec-sub / center	p.sec-sub / center	-			ок	ок
1440	aile-terapiyasi.html	Tez-tez verilən suallar	p.sec-sub / center	p.sec-sub / center	-			ок	ок
1440	aile-terapiyasi.html	Konsultasiya və təlimə yazılın	p.sec-sub / center	p.sec-sub / center	-			ок	ок
1440	blog-depressiya-protokol.html	Digər Məqalələr	- / -	- / -	-			ок	ок
1440	blog-enurez-protokol.html	Digər Məqalələr	- / -	- / -	-			ок	ок
1440	blog-psixolog-olmaq-2.html	Digər Məqalələr	- / -	- / -	-			ок	ок
1440	depressiya.html	Depressiyanın əlamətləri	p.sec-sub / center	p.sec-sub / center	-			ок	ок
1440	depressiya.html	Terapiya necə aparılır?	p.sec-sub / center	p.sec-sub / center	-			ок	ок
1440	depressiya.html	Konsultasiya Qiymətləri	p.sec-sub / center	p.sec-sub / center	div.pricing-tbl	100	100	ок	ок
1440	depressiya.html	Depressiya Haqqında Məqalələr	p.sec-sub / center	p.sec-sub / center	-			ок	ок
1440	en/aile-terapiyasi-usaq.html	What Behavioural Signals in a Child?	p.sec-sub / center	p.sec-sub / center	-			ок	ок
1440	en/aile-terapiyasi-usaq.html	How Is the Process Structured?	p.sec-sub / center	p.sec-sub / center	-			ок	ок
1440	en/aile-terapiyasi-usaq.html	Consultation Fees	p.sec-sub / center	p.sec-sub / center	div.pricing-tbl	100	100	ок	ок
1440	en/aile-terapiyasi-usaq.html	Articles on Children and Adolescents	p.sec-sub / center	p.sec-sub / center	-			ок	ок
1440	en/aile-terapiyasi.html	Who Is This Therapy For?	p.sec-sub / center	p.sec-sub / center	-			ок	ок
1440	en/aile-terapiyasi.html	How Does Therapy Work?	p.sec-sub / center	p.sec-sub / center	-			ок	ок
1440	en/aile-terapiyasi.html	Training programme for professionals	p.sec-sub / center	p.sec-sub / center	-			ок	ок
1440	en/aile-terapiyasi.html	Consultation Fees	p.sec-sub / center	p.sec-sub / center	div.pricing-tbl	100	100	ок	ок
1440	en/aile-terapiyasi.html	Family Relationships — Video Lessons	p.sec-lead / start	p.sec-lead / center	-			ОТКЛОНЕНИЕ	ок
1440	en/aile-terapiyasi.html	Articles on Family Therapy	p.sec-sub / center	p.sec-sub / center	-			ок	ок
1440	en/aile-terapiyasi.html	Frequently asked questions	p.sec-sub / center	p.sec-sub / center	-			ок	ок
1440	en/aile-terapiyasi.html	Book a consultation or the training	p.sec-sub / center	p.sec-sub / center	-			ок	ок
1440	en/blog-depressiya-protokol.html	Other Articles	- / -	- / -	-			ок	ок
1440	en/blog-enurez-protokol.html	More Articles	- / -	- / -	-			ок	ок
1440	en/blog-psixolog-olmaq-2.html	More Articles	- / -	- / -	-			ок	ок
1440	en/depressiya.html	Signs of Depression	p.sec-sub / center	p.sec-sub / center	-			ок	ок
1440	en/depressiya.html	How Does Therapy Work?	p.sec-sub / center	p.sec-sub / center	-			ок	ок
1440	en/depressiya.html	Consultation Fees	p.sec-sub / center	p.sec-sub / center	div.pricing-tbl	100	100	ок	ок
1440	en/depressiya.html	Articles on Depression	p.sec-sub / center	p.sec-sub / center	-			ок	ок
1440	en/enurez.html	What Is Nocturnal Enuresis and PMNE?	p.sec-lead / start	p.sec-lead / center	-			ОТКЛОНЕНИЕ	ок
1440	en/enurez.html	Should Imipramine (Melipramine) Be Prescribed?	p.sec-lead / start	p.sec-lead / center	-			ОТКЛОНЕНИЕ	ок
1440	en/enurez.html	What Is Ruled Out Before Treatment Begins?	p.sec-lead / start	p.sec-lead / center	div.diff-table	100	100	ОТКЛОНЕНИЕ	ок
1440	en/enurez.html	Transparency, Logic, Evidence	p.sec-lead / start	p.sec-lead / center	-			ОТКЛОНЕНИЕ	ок
1440	en/enurez.html	From First to Third Line	p.sec-lead / start	p.sec-lead / center	-			ОТКЛОНЕНИЕ	ок
1440	en/enurez.html	Treatment Costs	p.sec-lead / start	p.sec-lead / center	div.price-table	62.6	100	ОТКЛОНЕНИЕ	ок
1440	en/enurez.html	Articles on Nocturnal Enuresis	p.sec-sub / center	p.sec-sub / center	-			ок	ок
1440	en/enurez.html	Contact Form	p.sec-lead / start	p.sec-lead / center	-			ОТКЛОНЕНИЕ	ок
1440	en/enurez.html	Written by Parents of Recovered Children	p.sec-lead / start	p.sec-lead / center	-			ОТКЛОНЕНИЕ	ок
1440	en/enurez.html	Related Articles	p.sec-lead / start	p.sec-lead / center	-			ОТКЛОНЕНИЕ	ок
1440	en/panik-ataklar.html	How Does a Panic Attack Present?	p.sec-sub / center	p.sec-sub / center	-			ок	ок
1440	en/panik-ataklar.html	How Does Therapy Work?	p.sec-sub / center	p.sec-sub / center	-			ок	ок
1440	en/panik-ataklar.html	Consultation Fees	p.sec-sub / center	p.sec-sub / center	div.pricing-tbl	100	100	ок	ок
1440	en/panik-ataklar.html	Articles on Panic Attacks	p.sec-sub / center	p.sec-sub / center	-			ок	ок
1440	en/sosial-fobiya.html	How Does Social Phobia Present?	p.sec-sub / center	p.sec-sub / center	-			ок	ок
1440	en/sosial-fobiya.html	How Does Therapy Work?	p.sec-sub / center	p.sec-sub / center	-			ок	ок
1440	en/sosial-fobiya.html	Consultation Fees	p.sec-sub / center	p.sec-sub / center	div.pricing-tbl	100	100	ок	ок
1440	en/sosial-fobiya.html	Articles on Social Phobia	p.sec-sub / center	p.sec-sub / center	-			ок	ок
1440	en/tehsil.html	3 Official Professional Programmes	p.sec-sub / center	p.sec-sub / center	div.price-grid-3	100	100	ок	ок
1440	en/tehsil.html	Why choose RAGIMOFF?	p.sec-sub / center	p.sec-sub / center	-			ок	ок
1440	en/tehsil.html	CPD Diploma & International Certificate	p.sec-sub / center	p.sec-sub / center	-			ок	ок
1440	en/tehsil.html	Our Students & Learning Process	p.sec-sub.stud-sub / center	p.sec-sub.stud-sub / center	-			ок	ок
1440	en/tehsil.html	What Do Our Students Say?	p.sec-sub / center	p.sec-sub / center	-			ок	ок
1440	en/tehsil.html	Articles for Professional Growth	p.sec-sub / center	p.sec-sub / center	-			ок	ок
1440	en/tehsil.html	Share Your Experience	p.sec-sub / center	p.sec-sub / center	-			ок	ок
1440	en/tehsil.html	Join a Programme	p.sec-sub / center	p.sec-sub / center	-			ок	ок
1440	enurez.html	Gecə Enurezi və ya BMGE Nədir?	p.sec-lead / start	p.sec-lead / center	-			ОТКЛОНЕНИЕ	ок
1440	enurez.html	İmipramin (Melipramin) Verilməlidir?	p.sec-lead / start	p.sec-lead / center	-			ОТКЛОНЕНИЕ	ок
1440	enurez.html	Müalicədən Əvvəl Nə İstisna Edilir?	p.sec-lead / start	p.sec-lead / center	div.diff-table	100	100	ОТКЛОНЕНИЕ	ок
1440	enurez.html	Açıqlıq, Məntiq, Sübut	p.sec-lead / start	p.sec-lead / center	-			ОТКЛОНЕНИЕ	ок
1440	enurez.html	Birincidən Üçüncü Xəttə	p.sec-lead / start	p.sec-lead / center	-			ОТКЛОНЕНИЕ	ок
1440	enurez.html	Müalicənin Dəyəri	p.sec-lead / start	p.sec-lead / center	div.price-table	62.6	100	ОТКЛОНЕНИЕ	ок
1440	enurez.html	Gecə Enurezi Haqqında Məqalələr	p.sec-sub / center	p.sec-sub / center	-			ок	ок
1440	enurez.html	Müraciət Formu	p.sec-lead / start	p.sec-lead / center	-			ОТКЛОНЕНИЕ	ок
1440	enurez.html	Uşaqları Sağalanmış Valideynlər Yazır	p.sec-lead / start	p.sec-lead / center	-			ОТКЛОНЕНИЕ	ок
1440	enurez.html	Mövzuya Aid Məqalələr	p.sec-lead / start	p.sec-lead / center	-			ОТКЛОНЕНИЕ	ок
1440	panik-ataklar.html	Panik atak necə özünü göstərir?	p.sec-sub / center	p.sec-sub / center	-			ок	ок
1440	panik-ataklar.html	Terapiya necə aparılır?	p.sec-sub / center	p.sec-sub / center	-			ок	ок
1440	panik-ataklar.html	Konsultasiya Qiymətləri	p.sec-sub / center	p.sec-sub / center	div.pricing-tbl	100	100	ок	ок
1440	panik-ataklar.html	Panik Ataklar Haqqında Məqalələr	p.sec-sub / center	p.sec-sub / center	-			ок	ок
1440	ru/aile-terapiyasi-usaq.html	Какие сигналы в поведении ребёнка?	p.sec-sub / center	p.sec-sub / center	-			ок	ок
1440	ru/aile-terapiyasi-usaq.html	Как выстроен процесс работы?	p.sec-sub / center	p.sec-sub / center	-			ок	ок
1440	ru/aile-terapiyasi-usaq.html	Стоимость консультации	p.sec-sub / center	p.sec-sub / center	div.pricing-tbl	100	100	ок	ок
1440	ru/aile-terapiyasi-usaq.html	Статьи о детях и подростках	p.sec-sub / center	p.sec-sub / center	-			ок	ок
1440	ru/aile-terapiyasi.html	Программа обучения для специалистов	p.sec-sub / center	p.sec-sub / center	-			ок	ок
1440	ru/aile-terapiyasi.html	Кому нужна эта терапия?	p.sec-sub / center	p.sec-sub / center	-			ок	ок
1440	ru/aile-terapiyasi.html	Как работает терапия?	p.sec-sub / center	p.sec-sub / center	-			ок	ок
1440	ru/aile-terapiyasi.html	Стоимость консультации	p.sec-sub / center	p.sec-sub / center	div.pricing-tbl	100	100	ок	ок
1440	ru/aile-terapiyasi.html	Семейные отношения — видеоуроки	p.sec-lead / start	p.sec-lead / center	-			ОТКЛОНЕНИЕ	ок
1440	ru/aile-terapiyasi.html	Статьи о семейной терапии	p.sec-sub / center	p.sec-sub / center	-			ок	ок
1440	ru/aile-terapiyasi.html	Частые вопросы	p.sec-sub / center	p.sec-sub / center	-			ок	ок
1440	ru/aile-terapiyasi.html	Запись на консультацию и обучение	p.sec-sub / center	p.sec-sub / center	-			ок	ок
1440	ru/blog-depressiya-protokol.html	Другие статьи	- / -	- / -	-			ок	ок
1440	ru/blog-enurez-protokol.html	Другие статьи	- / -	- / -	-			ок	ок
1440	ru/blog-psixolog-olmaq-2.html	Другие статьи	- / -	- / -	-			ок	ок
1440	ru/depressiya.html	Признаки депрессии	p.sec-sub / center	p.sec-sub / center	-			ок	ок
1440	ru/depressiya.html	Как проходит терапия?	p.sec-sub / center	p.sec-sub / center	-			ок	ок
1440	ru/depressiya.html	Стоимость консультации	p.sec-sub / center	p.sec-sub / center	div.pricing-tbl	100	100	ок	ок
1440	ru/depressiya.html	Статьи о депрессии	p.sec-sub / center	p.sec-sub / center	-			ок	ок
1440	ru/enurez.html	Что такое ночной энурез и ПМНЭ?	p.sec-lead / start	p.sec-lead / center	-			ОТКЛОНЕНИЕ	ок
1440	ru/enurez.html	Нужно ли назначать имипрамин (Мелипрамин)?	p.sec-lead / start	p.sec-lead / center	-			ОТКЛОНЕНИЕ	ок
1440	ru/enurez.html	Что исключается до начала лечения?	p.sec-lead / start	p.sec-lead / center	div.diff-table	100	100	ОТКЛОНЕНИЕ	ок
1440	ru/enurez.html	Прозрачность, логика, доказательность	p.sec-lead / start	p.sec-lead / center	-			ОТКЛОНЕНИЕ	ок
1440	ru/enurez.html	От первой до третьей линии	p.sec-lead / start	p.sec-lead / center	-			ОТКЛОНЕНИЕ	ок
1440	ru/enurez.html	Стоимость лечения	p.sec-lead / start	p.sec-lead / center	div.price-table	62.6	100	ОТКЛОНЕНИЕ	ок
1440	ru/enurez.html	Статьи о ночном энурезе	p.sec-sub / center	p.sec-sub / center	-			ок	ок
1440	ru/enurez.html	Форма обращения	p.sec-lead / start	p.sec-lead / center	-			ОТКЛОНЕНИЕ	ок
1440	ru/enurez.html	Пишут родители выздоровевших детей	p.sec-lead / start	p.sec-lead / center	-			ОТКЛОНЕНИЕ	ок
1440	ru/enurez.html	Статьи по теме	p.sec-lead / start	p.sec-lead / center	-			ОТКЛОНЕНИЕ	ок
1440	ru/panik-ataklar.html	Как проявляется паническая атака?	p.sec-sub / center	p.sec-sub / center	-			ок	ок
1440	ru/panik-ataklar.html	Как проходит терапия?	p.sec-sub / center	p.sec-sub / center	-			ок	ок
1440	ru/panik-ataklar.html	Стоимость консультации	p.sec-sub / center	p.sec-sub / center	div.pricing-tbl	100	100	ок	ок
1440	ru/panik-ataklar.html	Статьи о панических атаках	p.sec-sub / center	p.sec-sub / center	-			ок	ок
1440	ru/sosial-fobiya.html	Как проявляется социофобия?	p.sec-sub / center	p.sec-sub / center	-			ок	ок
1440	ru/sosial-fobiya.html	Как проходит терапия?	p.sec-sub / center	p.sec-sub / center	-			ок	ок
1440	ru/sosial-fobiya.html	Стоимость консультации	p.sec-sub / center	p.sec-sub / center	div.pricing-tbl	100	100	ок	ок
1440	ru/sosial-fobiya.html	Статьи о социофобии	p.sec-sub / center	p.sec-sub / center	-			ок	ок
1440	ru/tehsil.html	3 официальные профессиональные программы	p.sec-sub / center	p.sec-sub / center	div.price-grid-3	100	100	ок	ок
1440	ru/tehsil.html	Почему именно RAGIMOFF?	p.sec-sub / center	p.sec-sub / center	-			ок	ок
1440	ru/tehsil.html	Диплом ДПО и международный сертификат	p.sec-sub / center	p.sec-sub / center	-			ок	ок
1440	ru/tehsil.html	Наши студенты и учебный процесс	p.sec-sub.stud-sub / center	p.sec-sub.stud-sub / center	-			ок	ок
1440	ru/tehsil.html	Что говорят наши студенты?	p.sec-sub / center	p.sec-sub / center	-			ок	ок
1440	ru/tehsil.html	Статьи для профессионального роста	p.sec-sub / center	p.sec-sub / center	-			ок	ок
1440	ru/tehsil.html	Поделитесь своим опытом	p.sec-sub / center	p.sec-sub / center	-			ок	ок
1440	ru/tehsil.html	Вступить в программу	p.sec-sub / center	p.sec-sub / center	-			ок	ок
1440	sosial-fobiya.html	Sosial fobiya necə özünü göstərir?	p.sec-sub / center	p.sec-sub / center	-			ок	ок
1440	sosial-fobiya.html	Terapiya necə aparılır?	p.sec-sub / center	p.sec-sub / center	-			ок	ок
1440	sosial-fobiya.html	Konsultasiya Qiymətləri	p.sec-sub / center	p.sec-sub / center	div.pricing-tbl	100	100	ок	ок
1440	sosial-fobiya.html	Sosial Fobiya Haqqında Məqalələr	p.sec-sub / center	p.sec-sub / center	-			ок	ок
1440	tehsil.html	4 Tədris Proqramı	p.sec-sub / center	p.sec-sub / center	div.price-grid-3	100	100	ок	ок
1440	tehsil.html	Niyə məhz RAGIMOFF?	p.sec-sub / center	p.sec-sub / center	-			ок	ок
1440	tehsil.html	Əlavə Təhsil Diplomu və Beynəlxalq Sertifikat	p.sec-sub / center	p.sec-sub / center	-			ок	ок
1440	tehsil.html	Tələbələrimiz və Təlim Prosesi	p.sec-sub.stud-sub / center	p.sec-sub.stud-sub / center	-			ок	ок
1440	tehsil.html	Tələbələrimiz Nə Deyir?	p.sec-sub / center	p.sec-sub / center	-			ок	ок
1440	tehsil.html	Peşəkar İnkişaf Məqalələri	p.sec-sub / center	p.sec-sub / center	-			ок	ок
1440	tehsil.html	Təcrübənizi Bölüşün	p.sec-sub / center	p.sec-sub / center	-			ок	ок
1440	tehsil.html	Proqrama Qoşulun	p.sec-sub / center	p.sec-sub / center	-			ок	ок
390	aile-terapiyasi-usaq.html	Uşaqda hansı siqnallar görünürsə?	p.sec-sub / center	p.sec-sub / center	-			ок	ок
390	aile-terapiyasi-usaq.html	Müalicə prosesi necə qurulur?	p.sec-sub / center	p.sec-sub / center	-			ок	ок
390	aile-terapiyasi-usaq.html	Konsultasiya Qiymətləri	p.sec-sub / center	p.sec-sub / center	div.pricing-tbl	100	100	ок	ок
390	aile-terapiyasi-usaq.html	Uşaq və Yeniyetmə Haqqında Məqalələr	p.sec-sub / center	p.sec-sub / center	-			ок	ок
390	aile-terapiyasi.html	Bu terapiya kimə lazımdır?	p.sec-sub / center	p.sec-sub / center	-			ок	ок
390	aile-terapiyasi.html	İki mütəxəssis — bir ailə sistemi	p.sec-sub / center	p.sec-sub / center	-			ок	ок
390	aile-terapiyasi.html	Peşəkarlar üçün təlim proqramı	p.sec-sub / center	p.sec-sub / center	-			ок	ок
390	aile-terapiyasi.html	Terapiya necə qurulur?	p.sec-sub / center	p.sec-sub / center	-			ок	ок
390	aile-terapiyasi.html	Konsultasiya Qiymətləri	p.sec-sub / center	p.sec-sub / center	div.pricing-tbl	100	100	ок	ок
390	aile-terapiyasi.html	Ailə Terapiyası Məqalələri	p.sec-sub / center	p.sec-sub / center	-			ок	ок
390	aile-terapiyasi.html	Tez-tez verilən suallar	p.sec-sub / center	p.sec-sub / center	-			ок	ок
390	aile-terapiyasi.html	Konsultasiya və təlimə yazılın	p.sec-sub / center	p.sec-sub / center	-			ок	ок
390	blog-depressiya-protokol.html	Digər Məqalələr	- / -	- / -	-			ок	ок
390	blog-enurez-protokol.html	Digər Məqalələr	- / -	- / -	-			ок	ок
390	blog-psixolog-olmaq-2.html	Digər Məqalələr	- / -	- / -	-			ок	ок
390	depressiya.html	Depressiyanın əlamətləri	p.sec-sub / center	p.sec-sub / center	-			ок	ок
390	depressiya.html	Terapiya necə aparılır?	p.sec-sub / center	p.sec-sub / center	-			ок	ок
390	depressiya.html	Konsultasiya Qiymətləri	p.sec-sub / center	p.sec-sub / center	div.pricing-tbl	100	100	ок	ок
390	depressiya.html	Depressiya Haqqında Məqalələr	p.sec-sub / center	p.sec-sub / center	-			ок	ок
390	en/aile-terapiyasi-usaq.html	What Behavioural Signals in a Child?	p.sec-sub / center	p.sec-sub / center	-			ок	ок
390	en/aile-terapiyasi-usaq.html	How Is the Process Structured?	p.sec-sub / center	p.sec-sub / center	-			ок	ок
390	en/aile-terapiyasi-usaq.html	Consultation Fees	p.sec-sub / center	p.sec-sub / center	div.pricing-tbl	100	100	ок	ок
390	en/aile-terapiyasi-usaq.html	Articles on Children and Adolescents	p.sec-sub / center	p.sec-sub / center	-			ок	ок
390	en/aile-terapiyasi.html	Who Is This Therapy For?	p.sec-sub / center	p.sec-sub / center	-			ок	ок
390	en/aile-terapiyasi.html	How Does Therapy Work?	p.sec-sub / center	p.sec-sub / center	-			ок	ок
390	en/aile-terapiyasi.html	Training programme for professionals	p.sec-sub / center	p.sec-sub / center	-			ок	ок
390	en/aile-terapiyasi.html	Consultation Fees	p.sec-sub / center	p.sec-sub / center	div.pricing-tbl	100	100	ок	ок
390	en/aile-terapiyasi.html	Family Relationships — Video Lessons	p.sec-lead / start	p.sec-lead / center	-			ОТКЛОНЕНИЕ	ок
390	en/aile-terapiyasi.html	Articles on Family Therapy	p.sec-sub / center	p.sec-sub / center	-			ок	ок
390	en/aile-terapiyasi.html	Frequently asked questions	p.sec-sub / center	p.sec-sub / center	-			ок	ок
390	en/aile-terapiyasi.html	Book a consultation or the training	p.sec-sub / center	p.sec-sub / center	-			ок	ок
390	en/blog-depressiya-protokol.html	Other Articles	- / -	- / -	-			ок	ок
390	en/blog-enurez-protokol.html	More Articles	- / -	- / -	-			ок	ок
390	en/blog-psixolog-olmaq-2.html	More Articles	- / -	- / -	-			ок	ок
390	en/depressiya.html	Signs of Depression	p.sec-sub / center	p.sec-sub / center	-			ок	ок
390	en/depressiya.html	How Does Therapy Work?	p.sec-sub / center	p.sec-sub / center	-			ок	ок
390	en/depressiya.html	Consultation Fees	p.sec-sub / center	p.sec-sub / center	div.pricing-tbl	100	100	ок	ок
390	en/depressiya.html	Articles on Depression	p.sec-sub / center	p.sec-sub / center	-			ок	ок
390	en/enurez.html	What Is Nocturnal Enuresis and PMNE?	p.sec-lead / start	p.sec-lead / center	-			ОТКЛОНЕНИЕ	ок
390	en/enurez.html	Should Imipramine (Melipramine) Be Prescribed?	p.sec-lead / start	p.sec-lead / center	-			ОТКЛОНЕНИЕ	ок
390	en/enurez.html	What Is Ruled Out Before Treatment Begins?	p.sec-lead / start	p.sec-lead / center	div.diff-table	100	100	ОТКЛОНЕНИЕ	ок
390	en/enurez.html	Transparency, Logic, Evidence	p.sec-lead / start	p.sec-lead / center	-			ОТКЛОНЕНИЕ	ок
390	en/enurez.html	From First to Third Line	p.sec-lead / start	p.sec-lead / center	-			ОТКЛОНЕНИЕ	ок
390	en/enurez.html	Treatment Costs	p.sec-lead / start	p.sec-lead / center	div.price-table	100	100	ОТКЛОНЕНИЕ	ок
390	en/enurez.html	Articles on Nocturnal Enuresis	p.sec-sub / center	p.sec-sub / center	-			ок	ок
390	en/enurez.html	Contact Form	p.sec-lead / start	p.sec-lead / center	-			ОТКЛОНЕНИЕ	ок
390	en/enurez.html	Written by Parents of Recovered Children	p.sec-lead / start	p.sec-lead / center	-			ОТКЛОНЕНИЕ	ок
390	en/enurez.html	Related Articles	p.sec-lead / start	p.sec-lead / center	-			ОТКЛОНЕНИЕ	ок
390	en/panik-ataklar.html	How Does a Panic Attack Present?	p.sec-sub / center	p.sec-sub / center	-			ок	ок
390	en/panik-ataklar.html	How Does Therapy Work?	p.sec-sub / center	p.sec-sub / center	-			ок	ок
390	en/panik-ataklar.html	Consultation Fees	p.sec-sub / center	p.sec-sub / center	div.pricing-tbl	100	100	ок	ок
390	en/panik-ataklar.html	Articles on Panic Attacks	p.sec-sub / center	p.sec-sub / center	-			ок	ок
390	en/sosial-fobiya.html	How Does Social Phobia Present?	p.sec-sub / center	p.sec-sub / center	-			ок	ок
390	en/sosial-fobiya.html	How Does Therapy Work?	p.sec-sub / center	p.sec-sub / center	-			ок	ок
390	en/sosial-fobiya.html	Consultation Fees	p.sec-sub / center	p.sec-sub / center	div.pricing-tbl	100	100	ок	ок
390	en/sosial-fobiya.html	Articles on Social Phobia	p.sec-sub / center	p.sec-sub / center	-			ок	ок
390	en/tehsil.html	3 Official Professional Programmes	p.sec-sub / center	p.sec-sub / center	div.price-grid-3	100	100	ок	ок
390	en/tehsil.html	Why choose RAGIMOFF?	p.sec-sub / center	p.sec-sub / center	-			ок	ок
390	en/tehsil.html	CPD Diploma & International Certificate	p.sec-sub / center	p.sec-sub / center	-			ок	ок
390	en/tehsil.html	Our Students & Learning Process	p.sec-sub.stud-sub / center	p.sec-sub.stud-sub / center	-			ок	ок
390	en/tehsil.html	What Do Our Students Say?	p.sec-sub / center	p.sec-sub / center	-			ок	ок
390	en/tehsil.html	Articles for Professional Growth	p.sec-sub / center	p.sec-sub / center	-			ок	ок
390	en/tehsil.html	Share Your Experience	p.sec-sub / center	p.sec-sub / center	-			ок	ок
390	en/tehsil.html	Join a Programme	p.sec-sub / center	p.sec-sub / center	-			ок	ок
390	enurez.html	Gecə Enurezi və ya BMGE Nədir?	p.sec-lead / start	p.sec-lead / center	-			ОТКЛОНЕНИЕ	ок
390	enurez.html	İmipramin (Melipramin) Verilməlidir?	p.sec-lead / start	p.sec-lead / center	-			ОТКЛОНЕНИЕ	ок
390	enurez.html	Müalicədən Əvvəl Nə İstisna Edilir?	p.sec-lead / start	p.sec-lead / center	div.diff-table	100	100	ОТКЛОНЕНИЕ	ок
390	enurez.html	Açıqlıq, Məntiq, Sübut	p.sec-lead / start	p.sec-lead / center	-			ОТКЛОНЕНИЕ	ок
390	enurez.html	Birincidən Üçüncü Xəttə	p.sec-lead / start	p.sec-lead / center	-			ОТКЛОНЕНИЕ	ок
390	enurez.html	Müalicənin Dəyəri	p.sec-lead / start	p.sec-lead / center	div.price-table	100	100	ОТКЛОНЕНИЕ	ок
390	enurez.html	Gecə Enurezi Haqqında Məqalələr	p.sec-sub / center	p.sec-sub / center	-			ок	ок
390	enurez.html	Müraciət Formu	p.sec-lead / start	p.sec-lead / center	-			ОТКЛОНЕНИЕ	ок
390	enurez.html	Uşaqları Sağalanmış Valideynlər Yazır	p.sec-lead / start	p.sec-lead / center	-			ОТКЛОНЕНИЕ	ок
390	enurez.html	Mövzuya Aid Məqalələr	p.sec-lead / start	p.sec-lead / center	-			ОТКЛОНЕНИЕ	ок
390	panik-ataklar.html	Panik atak necə özünü göstərir?	p.sec-sub / center	p.sec-sub / center	-			ок	ок
390	panik-ataklar.html	Terapiya necə aparılır?	p.sec-sub / center	p.sec-sub / center	-			ок	ок
390	panik-ataklar.html	Konsultasiya Qiymətləri	p.sec-sub / center	p.sec-sub / center	div.pricing-tbl	100	100	ок	ок
390	panik-ataklar.html	Panik Ataklar Haqqında Məqalələr	p.sec-sub / center	p.sec-sub / center	-			ок	ок
390	ru/aile-terapiyasi-usaq.html	Какие сигналы в поведении ребёнка?	p.sec-sub / center	p.sec-sub / center	-			ок	ок
390	ru/aile-terapiyasi-usaq.html	Как выстроен процесс работы?	p.sec-sub / center	p.sec-sub / center	-			ок	ок
390	ru/aile-terapiyasi-usaq.html	Стоимость консультации	p.sec-sub / center	p.sec-sub / center	div.pricing-tbl	100	100	ок	ок
390	ru/aile-terapiyasi-usaq.html	Статьи о детях и подростках	p.sec-sub / center	p.sec-sub / center	-			ок	ок
390	ru/aile-terapiyasi.html	Программа обучения для специалистов	p.sec-sub / center	p.sec-sub / center	-			ок	ок
390	ru/aile-terapiyasi.html	Кому нужна эта терапия?	p.sec-sub / center	p.sec-sub / center	-			ок	ок
390	ru/aile-terapiyasi.html	Как работает терапия?	p.sec-sub / center	p.sec-sub / center	-			ок	ок
390	ru/aile-terapiyasi.html	Стоимость консультации	p.sec-sub / center	p.sec-sub / center	div.pricing-tbl	100	100	ок	ок
390	ru/aile-terapiyasi.html	Семейные отношения — видеоуроки	p.sec-lead / start	p.sec-lead / center	-			ОТКЛОНЕНИЕ	ок
390	ru/aile-terapiyasi.html	Статьи о семейной терапии	p.sec-sub / center	p.sec-sub / center	-			ок	ок
390	ru/aile-terapiyasi.html	Частые вопросы	p.sec-sub / center	p.sec-sub / center	-			ок	ок
390	ru/aile-terapiyasi.html	Запись на консультацию и обучение	p.sec-sub / center	p.sec-sub / center	-			ок	ок
390	ru/blog-depressiya-protokol.html	Другие статьи	- / -	- / -	-			ок	ок
390	ru/blog-enurez-protokol.html	Другие статьи	- / -	- / -	-			ок	ок
390	ru/blog-psixolog-olmaq-2.html	Другие статьи	- / -	- / -	-			ок	ок
390	ru/depressiya.html	Признаки депрессии	p.sec-sub / center	p.sec-sub / center	-			ок	ок
390	ru/depressiya.html	Как проходит терапия?	p.sec-sub / center	p.sec-sub / center	-			ок	ок
390	ru/depressiya.html	Стоимость консультации	p.sec-sub / center	p.sec-sub / center	div.pricing-tbl	100	100	ок	ок
390	ru/depressiya.html	Статьи о депрессии	p.sec-sub / center	p.sec-sub / center	-			ок	ок
390	ru/enurez.html	Что такое ночной энурез и ПМНЭ?	p.sec-lead / start	p.sec-lead / center	-			ОТКЛОНЕНИЕ	ок
390	ru/enurez.html	Нужно ли назначать имипрамин (Мелипрамин)?	p.sec-lead / start	p.sec-lead / center	-			ОТКЛОНЕНИЕ	ок
390	ru/enurez.html	Что исключается до начала лечения?	p.sec-lead / start	p.sec-lead / center	div.diff-table	100	100	ОТКЛОНЕНИЕ	ок
390	ru/enurez.html	Прозрачность, логика, доказательность	p.sec-lead / start	p.sec-lead / center	-			ОТКЛОНЕНИЕ	ок
390	ru/enurez.html	От первой до третьей линии	p.sec-lead / start	p.sec-lead / center	-			ОТКЛОНЕНИЕ	ок
390	ru/enurez.html	Стоимость лечения	p.sec-lead / start	p.sec-lead / center	div.price-table	100	100	ОТКЛОНЕНИЕ	ок
390	ru/enurez.html	Статьи о ночном энурезе	p.sec-sub / center	p.sec-sub / center	-			ок	ок
390	ru/enurez.html	Форма обращения	p.sec-lead / start	p.sec-lead / center	-			ОТКЛОНЕНИЕ	ок
390	ru/enurez.html	Пишут родители выздоровевших детей	p.sec-lead / start	p.sec-lead / center	-			ОТКЛОНЕНИЕ	ок
390	ru/enurez.html	Статьи по теме	p.sec-lead / start	p.sec-lead / center	-			ОТКЛОНЕНИЕ	ок
390	ru/panik-ataklar.html	Как проявляется паническая атака?	p.sec-sub / center	p.sec-sub / center	-			ок	ок
390	ru/panik-ataklar.html	Как проходит терапия?	p.sec-sub / center	p.sec-sub / center	-			ок	ок
390	ru/panik-ataklar.html	Стоимость консультации	p.sec-sub / center	p.sec-sub / center	div.pricing-tbl	100	100	ок	ок
390	ru/panik-ataklar.html	Статьи о панических атаках	p.sec-sub / center	p.sec-sub / center	-			ок	ок
390	ru/sosial-fobiya.html	Как проявляется социофобия?	p.sec-sub / center	p.sec-sub / center	-			ок	ок
390	ru/sosial-fobiya.html	Как проходит терапия?	p.sec-sub / center	p.sec-sub / center	-			ок	ок
390	ru/sosial-fobiya.html	Стоимость консультации	p.sec-sub / center	p.sec-sub / center	div.pricing-tbl	100	100	ок	ок
390	ru/sosial-fobiya.html	Статьи о социофобии	p.sec-sub / center	p.sec-sub / center	-			ок	ок
390	ru/tehsil.html	3 официальные профессиональные программы	p.sec-sub / center	p.sec-sub / center	div.price-grid-3	100	100	ок	ок
390	ru/tehsil.html	Почему именно RAGIMOFF?	p.sec-sub / center	p.sec-sub / center	-			ок	ок
390	ru/tehsil.html	Диплом ДПО и международный сертификат	p.sec-sub / center	p.sec-sub / center	-			ок	ок
390	ru/tehsil.html	Наши студенты и учебный процесс	p.sec-sub.stud-sub / center	p.sec-sub.stud-sub / center	-			ок	ок
390	ru/tehsil.html	Что говорят наши студенты?	p.sec-sub / center	p.sec-sub / center	-			ок	ок
390	ru/tehsil.html	Статьи для профессионального роста	p.sec-sub / center	p.sec-sub / center	-			ок	ок
390	ru/tehsil.html	Поделитесь своим опытом	p.sec-sub / center	p.sec-sub / center	-			ок	ок
390	ru/tehsil.html	Вступить в программу	p.sec-sub / center	p.sec-sub / center	-			ок	ок
390	sosial-fobiya.html	Sosial fobiya necə özünü göstərir?	p.sec-sub / center	p.sec-sub / center	-			ок	ок
390	sosial-fobiya.html	Terapiya necə aparılır?	p.sec-sub / center	p.sec-sub / center	-			ок	ок
390	sosial-fobiya.html	Konsultasiya Qiymətləri	p.sec-sub / center	p.sec-sub / center	div.pricing-tbl	100	100	ок	ок
390	sosial-fobiya.html	Sosial Fobiya Haqqında Məqalələr	p.sec-sub / center	p.sec-sub / center	-			ок	ок
390	tehsil.html	4 Tədris Proqramı	p.sec-sub / center	p.sec-sub / center	div.price-grid-3	100	100	ок	ок
390	tehsil.html	Niyə məhz RAGIMOFF?	p.sec-sub / center	p.sec-sub / center	-			ок	ок
390	tehsil.html	Əlavə Təhsil Diplomu və Beynəlxalq Sertifikat	p.sec-sub / center	p.sec-sub / center	-			ок	ок
390	tehsil.html	Tələbələrimiz və Təlim Prosesi	p.sec-sub.stud-sub / center	p.sec-sub.stud-sub / center	-			ок	ок
390	tehsil.html	Tələbələrimiz Nə Deyir?	p.sec-sub / center	p.sec-sub / center	-			ок	ок
390	tehsil.html	Peşəkar İnkişaf Məqalələri	p.sec-sub / center	p.sec-sub / center	-			ок	ок
390	tehsil.html	Təcrübənizi Bölüşün	p.sec-sub / center	p.sec-sub / center	-			ок	ок
390	tehsil.html	Proqrama Qoşulun	p.sec-sub / center	p.sec-sub / center	-			ок	ок
